date,tavg,tmin,tmax,prcp,snow,wspd,pres
6/18/17,30.6,25.6,37.8,0,0,11.5,1006.9
6/19/17,27.8,24.4,33.3,0.3,0,6.1,1012.2
6/20/17,29.9,24.4,36.7,0,0,8.3,1013.1
6/21/17,29.9,23.9,36.1,0,0,9.4,1009
6/22/17,30.1,24.4,37.2,0,0,7.9,1004.5
6/23/17,32,25.6,40,0,0,11.2,1007
6/24/17,26.9,22.2,29.4,3.6,0,7.6,1015.9
6/25/17,26.9,23.9,32.2,0.5,0,7.9,1019.2
6/26/17,26.3,22.2,32.8,27.2,0,4,1017.5
6/27/17,25.4,21.7,32.8,0.3,0,4.7,
6/28/17,27.2,21.7,33.3,0,0,6.8,1011.9
6/29/17,29.6,23.9,37.2,0,0,9.4,1009.9
6/30/17,30.3,26.1,36.7,0,0,13.3,1011.4
7/1/17,30.5,26.1,36.7,0,0,11.9,1015.5
7/2/17,30.8,25.6,37.8,0,0,9.4,1017.1
7/3/17,30.4,24.4,37.2,0,0,10.8,1015.1
7/4/17,31.1,25.6,38.3,0,0,10.8,1014.1
7/5/17,30.7,25.6,37.2,0,0,9,1015.5
7/6/17,30.3,25,37.8,0,0,6.1,1017.3
7/7/17,29.2,23.9,37.2,0.5,0,4.3,
7/8/17,30.6,23.9,37.8,0,0,5,1016.5
7/9/17,31.3,25,38.3,0,0,6.8,1015.4
7/10/17,30.9,24.4,37.8,0,0,8.3,1014.1
7/11/17,30.8,25,38.3,0,0,11.2,1013.8
7/12/17,30.3,25,38.3,0,0,9.4,1015.2
7/13/17,30.6,25,38.9,0,0,5.4,1017.1
7/14/17,31.3,25,38.3,0,0,6.1,1017.5
7/15/17,28.5,21.7,39.4,4.1,0,4.3,1016.4
7/16/17,27.3,20,37.2,0,0,4.7,1013.5
7/17/17,29.6,25,36.7,0,0,5.4,1012.3
7/18/17,30.3,24.4,37.8,0,0,8.3,1015.1
7/19/17,30.9,25,38.3,0,0,7.6,1017.6
7/20/17,32,25,39.4,0,0,8.3,1016.9
7/21/17,32.2,25,40,0,0,8.3,1014.2
7/22/17,31.9,25,39.4,0,0,9,1012.3
7/23/17,29.6,25,39.4,1,0,5.8,1011.7
7/24/17,28.9,24.4,38.9,0.3,0,5,
7/25/17,31.1,25.6,39.4,0,0,10.8,1016.2
7/26/17,31.4,25.6,39.4,0,0,9,1016.5
7/27/17,31.5,23.9,39.4,0,0,7.6,1014.9
7/28/17,32.2,24.4,40.6,0,0,7.2,1012.4
7/29/17,33.4,25,41.7,0,0,7.2,1011
7/30/17,33,26.1,41.1,0,0,6.1,1012.6
7/31/17,30.8,25,37.2,0,0,6.8,1014.9
8/1/17,30.9,23.9,37.8,0,0,5,1014.4
8/2/17,27.8,25.6,30.6,0,0,5.8,1015
8/3/17,28.5,23.9,35,0.8,0,4.3,1015.7
8/4/17,30.3,24.4,37.2,0,0,3.6,1015.2
8/5/17,31.2,25,38.9,0,0,10.1,1012.8
8/6/17,30.8,25.6,38.3,0,0,11.5,1009.9
8/7/17,24.2,20.6,29.4,61.2,0,2.5,
8/8/17,27.8,22.8,34.4,0,0,6.1,1014.4
8/9/17,29.1,23.3,35.6,0,0,4,1015.4
8/10/17,30.5,23.9,37.8,0,0,6.1,1016.6
8/11/17,31.2,24.4,37.8,0,0,5.8,1015.7
8/12/17,31.5,25.6,37.8,0,0,9.4,1013.2
8/13/17,31.4,25.6,38.3,0,0,9,1011
8/14/17,30.9,25,37.8,0,0,10.1,1009.6
8/15/17,30.7,25,37.2,0,0,11.5,1009.7
8/16/17,31.2,26.7,38.3,0,0,12.2,1011.8
8/17/17,31.8,26.7,38.9,0,0,9.7,1014.2
8/18/17,31.3,25.6,38.3,0,0,7.9,1014.6
8/19/17,31.7,24.4,38.3,0,0,6.8,1014
8/20/17,31.5,24.4,38.3,0,0,8.3,1014
8/21/17,30.7,25.6,37.2,0,0,6.8,1016.5
8/22/17,31,24.4,37.8,0,0,5.8,1015.8
8/23/17,29.2,23.9,37.8,1,0,3.6,1013.4
8/24/17,27.9,24.4,35.6,0.5,0,3.6,1011.2
8/25/17,27.4,24.4,32.2,5.8,0,9.4,1010.7
8/26/17,23.4,22.2,24.4,129,0,22.7,
8/27/17,22.4,21.1,23.3,65.3,0,18.7,
8/28/17,24.2,21.1,30,1.5,0,16.6,1010.1
8/29/17,26.4,21.1,32.2,0,0,12.2,1010.8
8/30/17,27.3,21.1,33.9,0,0,8.3,1011.3
8/31/17,26.7,20,33.9,0,0,5.4,1013.5
9/1/17,27.5,20,34.4,0,0,2.5,1015.1
9/2/17,27.6,20.6,34.4,0,0,3.6,1016
9/3/17,27.4,21.1,33.3,0,0,4.3,1017.3
9/4/17,27.2,21.7,33.3,0,0,3.2,1015.8
9/5/17,28.2,22.2,35.6,0,0,4.3,1014.6
9/6/17,25.9,19.4,30.6,0,0,10.1,1017.8
9/7/17,22.8,13.9,29.4,0,0,4.3,1019.4
9/8/17,23,15,29.4,0,0,5,1018.9
9/9/17,24.2,17.2,30.6,0,0,4.7,1019.1
9/10/17,24.2,18.9,30,0,0,6.1,1019
9/11/17,23.6,16.1,30.6,0,0,5,1017
9/12/17,24.9,17.2,33.9,0,0,5.4,1011.8
9/13/17,25.1,17.2,33.9,0,0,4.7,1008.9
9/14/17,27.8,23.3,34.4,0,0,10.1,1009.3
9/15/17,27.2,22.8,33.3,0,0,9.4,1011.3
9/16/17,28.2,23.9,33.9,0,0,7.6,1013.5
9/17/17,27.5,22.2,33.9,0,0,6.8,1015.1
9/18/17,28.6,23.9,35,0,0,6.8,1013.8
9/19/17,28.7,25,35,0,0,9.4,1011.5
9/20/17,29.3,25,35.6,0,0,10.4,1011.1
9/21/17,28.6,23.9,35.6,0.5,0,9.7,1012.2
9/22/17,26.9,23.9,32.8,0,0,9.4,1012.7
9/23/17,27.1,22.8,32.2,0,0,7.6,1011.8
9/24/17,26.6,23.3,32.2,0,0,9.7,1010.7
9/25/17,26.2,23.3,32.8,0,0,8.6,1010
9/26/17,24.2,21.7,28.3,41.1,0,6.1,
9/27/17,24.9,21.7,29.4,2.3,0,4.7,1013.5
9/28/17,24.8,22.8,28.9,1.5,0,7.9,1015.3
9/29/17,22.7,21.1,24.4,6.1,0,9.4,
9/30/17,23.8,18.9,30.6,0,0,6.5,1018.3
10/1/17,23.8,16.7,31.1,0,0,2.9,1014.1
10/2/17,25.9,20.6,31.7,0,0,6.5,1012.5
10/3/17,25.3,23.3,30.6,16.3,0,6.5,1016.9
10/4/17,26.7,24.4,31.7,0,0,7.2,1020.6
10/5/17,26.2,21.1,31.7,0,0,4.3,1018
10/6/17,25,20,30.6,0,0,4.7,1013.2
10/7/17,25.4,20,31.1,0,0,3.6,1007.7
10/8/17,26.4,20,32.8,0,0,4.7,1005.7
10/9/17,27.4,22.8,33.3,0,0,8.6,1007.3
10/10/17,20.4,15.6,26.1,0.3,0,12.6,1019.5
10/11/17,19.8,13.9,26.7,0,0,4.7,1021.1
10/12/17,23.1,16.1,31.1,0,0,3.2,1017.7
10/13/17,26,20.6,32.2,0,0,4.7,1017.1
10/14/17,27,22.8,32.2,0,0,5.4,1016.2
10/15/17,23.3,17.2,26.1,0,0,9.7,1020.1
10/16/17,18.3,12.2,25,0,0,7.9,1026
10/17/17,17.2,10,26.1,0,0,2.2,1023.8
10/18/17,18.2,9.4,28.3,0,0,3.2,1020.4
10/19/17,21.3,13.9,28.9,0,0,5.4,1018.9
10/20/17,22.6,18.9,28.9,1,0,4.3,1015.3
10/21/17,26.1,22.2,31.7,0,0,9.4,1011.7
10/22/17,22.2,12.8,26.7,17.5,0,7.9,1018.1
10/23/17,18.4,10,27.8,0,0,2.9,1020.1
10/24/17,19.7,12.2,26.1,0,0,10.1,1025.4
10/25/17,17.7,10.6,27.2,0,0,5.4,1022.6
10/26/17,19.3,10,28.3,0,0,7.6,1011.5
10/27/17,14.5,7.8,18.9,0,0,14.4,1016.2
10/28/17,10.1,3.9,17.8,0,0,7.2,1022.5
10/29/17,13.3,3.9,24.4,0,0,4,1018
10/30/17,17.2,8.9,26.7,0,0,4.7,1014.1
10/31/17,13.8,10.6,16.7,9.7,0,7.9,1017.9
11/1/17,16.6,11.1,25.6,0,0,3.2,1011.6
11/2/17,23.8,18.9,29.4,0,0,9,1013.1
11/3/17,26,23.3,31.1,0,0,5.8,1016
11/4/17,24.5,21.7,28.3,0,0,7.2,1014.7
11/5/17,24.7,22.2,31.1,0,0,7.6,1012.9
11/6/17,25,22.2,31.1,0,0,8.3,1014.2
11/7/17,21.1,15.6,26.1,0,0,9.4,1017.5
11/8/17,10.6,7.8,15.6,2,0,11.2,
11/9/17,10.6,7.8,13.9,0,0,6.8,1025.1
11/10/17,14.3,11.1,17.2,0,0,4.7,1023.9
11/11/17,19.1,15,23.9,0,0,5.8,1019.8
11/12/17,20.7,18.3,25.6,1,0,3.6,1021.9
11/13/17,21.2,17.2,25.6,0,0,3.6,1024
11/14/17,21.6,16.7,26.7,0,0,8.6,1019.2
11/15/17,21.2,20,22.8,0,0,4.7,1015.8
11/16/17,22.4,17.8,28.3,0,0,4.7,1017
11/17/17,24,21.1,29.4,0,0,11.5,1013
11/18/17,21.8,12.2,28.9,0,0,15.1,1014.1
11/19/17,12.4,6.1,18.3,0,0,5,1026.2
11/20/17,12.1,4.4,20.6,0,0,3.6,1020.4
11/21/17,16.4,10.6,24.4,0,0,7.2,1013.5
11/22/17,13.6,6.1,18.9,0,0,11.2,1025
11/23/17,11.9,3.3,22.2,0,0,1.8,1021.7
11/24/17,15,5.6,25,0,0,4,1014.4
11/25/17,17.8,9.4,27.2,0,0,4.7,1014.5
11/26/17,18.3,12.2,25.6,0,0,2.2,1023
11/27/17,17.3,11.7,25,0,0,6.5,1019.6
11/28/17,18.4,11.7,26.7,0,0,6.1,1016.9
11/29/17,16.7,10,22.8,0,0,5.8,1022.3
11/30/17,15.8,7.8,25,0,0,1.8,1022.2
12/1/17,17.5,11.7,25,0,0,2.5,1021.1
12/2/17,18.2,10.6,26.7,0,0,2.9,1019.4
12/3/17,18.7,16.1,22.8,0.3,0,5.4,1017.1
12/4/17,23.4,19.4,29.4,0,0,8.3,1012.4
12/5/17,14.9,5.6,22.2,3.6,0,12.6,1021.1
12/6/17,5.2,4.4,6.1,23.9,0,9,1028.3
12/7/17,5.1,0,8.3,2.3,0,9.4,1028.4
12/8/17,3.6,-0.5,9.4,0,0,4.3,1025.1
12/9/17,10.4,1.1,19.4,0,0,9.7,1025.4
12/10/17,10.8,3.3,21.1,0,0,3.2,1029.8
12/11/17,13.9,6.7,24.4,0,0,8.3,1025
12/12/17,12.2,3.9,18.3,0,0,8.3,1026.4
12/13/17,9.3,2.2,16.7,0,0,4.3,1019.6
12/14/17,11.8,6.7,18.3,0,0,6.8,1016.2
12/15/17,10.5,5.6,16.1,0,0,6.1,1025.2
12/16/17,7.4,5,11.7,33.5,0,2.5,
12/17/17,9.6,7.2,15,0,0,2.9,
12/18/17,11.7,9.4,13.9,0,0,0.4,1021
12/19/17,17.2,13.3,21.7,41.7,0,5.8,
12/20/17,15.9,10,25,0,0,4.7,1015.7
12/21/17,17.9,8.9,26.1,0,0,6.8,
12/22/17,14.2,5,21.7,4.3,0,10.1,
12/23/17,7.1,2.8,13.3,0,0,4,1024.4
12/24/17,7.4,3.3,17.2,0,0,7.6,1025
12/25/17,7.1,1.1,12.8,0,0,7.6,1027.9
12/26/17,7.9,5,10.6,0,0,7.9,
12/27/17,4,3.3,5,0,0,12.2,1031.5
12/28/17,5.8,2.8,10,0,0,2.9,1029.9
12/29/17,,4.4,9.4,0,0,4,
12/30/17,,6.1,17.2,0,0,9,
12/31/17,2.7,-2.7,6.1,0,0,13.3,
1/1/18,-2.3,-3.8,0,0,0,12.2,1040.1
1/2/18,-1.7,-3.2,0,0,0,7.9,
1/3/18,2.9,-5.5,13.3,0,0,3.6,1031.4
1/4/18,6.3,-1,12.8,0,0,3.2,1028.2
1/5/18,10.1,6.7,16.7,0,0,4,1027.5
1/6/18,11.2,4.4,17.2,0,0,5.4,1026
1/7/18,15.6,12.2,19.4,0,0,7.9,1016.7
1/8/18,14,6.7,20.6,0,0,9.4,1019.9
1/9/18,11.6,3.9,21.1,0,0,4.3,1019.6
1/10/18,14,8.9,21.7,0,0,10.4,1012.1
1/11/18,13.8,6.7,22.2,0,0,12.2,1012.5
1/12/18,6.8,1.1,14.4,0,0,12.2,1025.8
1/13/18,5.1,0,12.2,0,0,5.4,1034.5
1/14/18,7,-1.6,16.1,0,0,4.7,1032.1
1/15/18,11.5,3.3,21.7,2.5,0,7.2,1026.1
1/16/18,-1.7,-3.2,3.3,3.6,0,16.2,1039.4
1/17/18,-2.4,-7.7,3.3,0,0,5.8,1040.9
1/18/18,2.3,-3.2,7.2,0,0,4,1033.3
1/19/18,7.8,4.4,12.2,0.3,0,3.2,1023.6
1/20/18,14.2,10.6,20,0,0,6.8,1017
1/21/18,18.6,15,22.2,0.3,0,8.3,1012
1/22/18,13.7,7.2,18.3,0,0,9.4,1018.3
1/23/18,10.2,3.9,18.9,0,0,5,1025.2
1/24/18,9.3,2.2,18.3,0,0,4,1030.7
1/25/18,9.7,0,18.9,0,0,6.5,1029.2
1/26/18,14.4,10.6,20,0,0,6.8,1022.6
1/27/18,17.2,15,21.1,0.5,0,7.9,1021.5
1/28/18,15.4,10,21.7,0,0,8.3,1025.3
1/29/18,11.9,4.4,20,0,0,8.6,1031.8
1/30/18,9.9,1.1,19.4,0,0,5.4,1030
1/31/18,14.4,7.8,22.2,0,0,10.8,1018.7
2/1/18,16.6,11.7,22.8,0,0,9.4,1017.1
2/2/18,11.1,7.2,15,0,0,11.2,1028.7
2/3/18,10.3,6.1,13.3,1.5,0,7.9,1018.7
2/4/18,13.3,5.6,24.4,0,0,5,1014.9
2/5/18,8.7,4.4,12.8,0,0,7.2,1020.7
2/6/18,8.8,3.9,12.2,1.8,0,8.3,1018.8
2/7/18,4.9,2.2,8.9,0.3,0,11.9,1027.6
2/8/18,8.2,1.1,15,0,0,6.8,1029.5
2/9/18,13.9,11.1,17.8,0.8,0,4.7,1019.3
2/10/18,11.6,4.4,16.7,1,0,7.6,1013.2
2/11/18,2.2,-0.5,6.1,2.5,0,12.2,1021.6
2/12/18,2.8,-0.5,6.7,0,0,8.3,1029.1
2/13/18,6.4,3.9,8.3,1,0,2.2,1029.8
2/14/18,13.4,7.8,22.2,1,0,4.7,1024.4
2/15/18,20.6,17.8,25,0,0,9.4,
2/16/18,18.9,13.9,21.7,0,0,7.6,1019
2/17/18,13.1,10,16.7,0,0,4.7,1019.8
2/18/18,15.7,10.6,23.9,0,0,7.9,1017.6
2/19/18,22.8,20.6,26.7,0,0,15.1,1011.3
2/20/18,21.9,20.6,22.8,5.1,0,13,1012.1
2/21/18,8,3.9,21.7,3.3,0,13,
2/22/18,4.7,2.8,6.7,15.2,0,7.9,1024.8
2/23/18,11.6,6.1,18.3,7.6,0,3.6,1020.3
2/24/18,20.9,16.7,23.3,0.3,0,10.1,1012
2/25/18,15.5,11.1,20,0.3,0,5.8,1015.7
2/26/18,14.4,8.3,21.1,0,0,5.8,1021.5
2/27/18,19.5,15,26.7,1.8,0,8.6,1016.1
2/28/18,22.8,20.6,28.3,0,0,9.7,1009.2
3/1/18,17.5,12.2,22.2,0,0,12.2,1017
3/2/18,16.6,11.1,23.9,0,0,6.1,1024
3/3/18,16.6,11.7,22.2,3.8,0,7.6,1021.2
3/4/18,21.1,17.2,27.2,1,0,11.2,1015.3
3/5/18,22.4,16.1,29.4,0,0,9.7,1012.8
3/6/18,16.9,10.6,23.3,0,0,8.3,1019
3/7/18,13.8,8.3,20.6,0,0,8.3,1025.1
3/8/18,14.6,9.4,21.7,0,0,9,1022.5
3/9/18,17.1,11.1,22.8,0,0,10.8,1013.8
3/10/18,24.4,18.3,32.2,0,0,10.4,1007.4
3/11/18,19.3,12.8,21.1,0,0,15.1,1013.6
3/12/18,13.4,7.8,20,0,0,11.2,1025.5
3/13/18,13.6,5.6,21.7,0,0,6.1,1024.8
3/14/18,14.5,5,22.2,0,0,5,1024.7
3/15/18,17,10,23.9,0,0,10.4,1015.7
3/16/18,23.3,17.2,31.7,0,0,6.1,1010.8
3/17/18,23.3,19.4,29.4,0.3,0,9.7,1010.5
3/18/18,23,20,28.9,0.5,0,4.7,1008.1
3/19/18,22.1,15.6,27.8,0,0,11.9,1007.6
3/20/18,16.4,9.4,23.9,0,0,8.3,1016.4
3/21/18,16.1,6.1,25.6,0,0,7.6,1020.8
3/22/18,18.9,11.1,27.2,0,0,11.2,1023
3/23/18,20.3,15,27.2,0,0,11.9,1017.7
3/24/18,23.2,20,28.9,0,0,9.4,1012.3
3/25/18,22.4,20,25,0,0,8.6,1010.9
3/26/18,24.2,20.6,31.1,0,0,14.8,1010.6
3/27/18,22.2,17.2,27.8,6.1,0,13,1012.8
3/28/18,17.8,14.4,22.2,83.3,0,7.6,
3/29/18,20,13.3,30,0,0,6.1,1011.9
3/30/18,18.1,12.8,23.3,0,0,7.9,1022.8
3/31/18,20.4,13.9,28.3,0,0,10.8,1018.8
4/1/18,21.9,17.8,27.8,0,0,10.4,1013.9
4/2/18,21.6,13.9,28.9,0,0,10.8,1009.8
4/3/18,22.7,16.7,27.8,0,0,10.8,1008.5
4/4/18,15.7,10,21.7,0,0,10.1,1022.8
4/5/18,19.2,13.9,25.6,0,0,9,1017.1
4/6/18,24.3,17.8,28.9,2,0,11.5,1007.8
4/7/18,9.3,4.4,17.8,0,0,15.1,1015.6
4/8/18,10.7,5,18.9,0,0,6.5,1013.6
4/9/18,15.4,11.7,18.3,0,0,7.2,1015.6
4/10/18,17.9,11.7,25.6,0,0,6.1,1024.8
4/11/18,18.7,8.3,27.8,0,0,8.3,1020.4
4/12/18,22.2,17.2,30,0,0,16.9,1011.3
4/13/18,24.1,15.6,31.1,1.8,0,11.9,1004
4/14/18,17.3,12.2,22.2,0,0,15.1,1014.8
4/15/18,15.8,8.3,25.6,0,0,7.2,1021.7
4/16/18,18.9,8.3,28.9,0,0,10.1,1021.2
4/17/18,21.8,14.4,30.6,0,0,12.2,1013.6
4/18/18,22.9,18.9,28.3,0,0,9.7,1015
4/19/18,19.8,15,25.6,0,0,9.4,1023.8
4/20/18,16.8,13.9,22.2,0,0,11.9,1021.5
4/21/18,18,14.4,22.8,0.8,0,6.5,1014.5
4/22/18,18.3,11.1,26.1,0,0,9,1017.7
4/23/18,20.7,11.1,30.6,0,0,3.6,1017.4
4/24/18,23.1,15,30.6,0,0,5.8,1016.7
4/25/18,20.3,12.8,31.7,7.1,0,6.1,1017.5
4/26/18,17.5,10,25.6,0,0,5,1016.5
4/27/18,20.2,12.8,26.7,0,0,2.5,1017.4
4/28/18,22,13.3,30,0,0,4.3,1016.8
4/29/18,22,15,28.9,0,0,7.9,1018.2
4/30/18,21.3,17.8,26.7,0.3,0,12.2,1016.6
5/1/18,23.3,21.1,27.2,0,0,13.7,1013.4
5/2/18,25.9,22.8,32.2,0,0,14.4,1013.6
5/3/18,26.5,23.9,31.1,0,0,13.7,1013.5
5/4/18,20.6,16.7,23.9,93.2,0,8.3,1017.9
5/5/18,22.8,17.2,30,0.3,0,6.1,1019.7
5/6/18,23.4,15.6,32.2,0,0,3.2,1019.6
5/7/18,24.3,14.4,32.8,0,0,4,1019.2
5/8/18,25,17.8,31.1,0,0,8.3,1016.6
5/9/18,24.6,18.9,31.1,0,0,11.9,1015.3
5/10/18,24.8,18.9,32.2,0,0,9.7,1015.1
5/11/18,26,21.1,32.2,0,0,13,1012.9
5/12/18,27,22.8,32.8,0,0,12.6,
5/13/18,27.2,23.3,32.8,0,0,10.8,1014.1
5/14/18,27.3,23.3,32.8,0,0,9.7,1013.2
5/15/18,26.9,22.2,32.2,0.5,0,8.3,1012.5
5/16/18,27.3,18.9,36.1,0,0,4.7,1011.7
5/17/18,29,21.1,35.6,0,0,5,1010.3
5/18/18,28.1,21.7,35,0,0,11.5,1008.2
5/19/18,27.8,22.2,34.4,0,0,14.4,1009.4
5/20/18,23.8,20.6,27.8,22.1,0,9,1014.1
5/21/18,23.6,20.6,31.1,0,0,5.8,1014.6
5/22/18,26.2,22.2,31.1,0,0,7.6,1014
5/23/18,26.5,22.8,32.2,0,0,7.9,1015.2
5/24/18,27.4,22.8,33.9,0,0,6.1,1016.1
5/25/18,28.8,23.3,35,0,0,6.8,1013
5/26/18,30.3,23.3,37.2,0,0,7.2,1008.6
5/27/18,29.7,23.3,36.1,0,0,8.3,1008.1
5/28/18,29.7,22.8,35.6,0,0,5.4,1008.3
5/29/18,29.9,23.3,36.1,0,0,8.3,1006.7
5/30/18,29.3,23.9,36.7,0,0,11.9,1007
5/31/18,29.8,24.4,36.7,0,0,12.6,1008.9
6/1/18,30.2,25,37.2,0,0,10.8,1010.4
6/2/18,30.8,25,38.3,0,0,9.4,1010.9
6/3/18,30.4,23.3,37.8,0.8,0,5.4,1014.4
6/4/18,26.3,21.7,31.7,32.3,0,5.8,1014.5
6/5/18,30,23.9,37.2,0,0,9,1009.9
6/6/18,30.5,25,37.2,0,0,10.1,1009.2
6/7/18,30.1,24.4,36.7,0,0,10.8,1012.1
6/8/18,29.5,23.9,35,0,0,9.4,1015.5
6/9/18,28.3,25,35.6,0.5,0,9,1015.5
6/10/18,30.2,25,37.2,0,0,10.8,1011.4
6/11/18,30.3,25.6,36.7,0,0,13.7,1008.9
6/12/18,30.6,25.6,37.8,0,0,12.6,1011.6
6/13/18,30.4,25.6,37.2,0,0,9,1014.5
6/14/18,29.6,24.4,37.2,0,0,9,1014.3
6/15/18,29.1,23.9,36.7,2.3,0,10.8,1012.2
6/16/18,28.3,24.4,34.4,3.8,0,11.5,1011.3
6/17/18,27.9,23.9,34.4,1.3,0,7.2,1011.8
6/18/18,27.5,24.4,33.9,1,0,9,1012
6/19/18,24.4,23.3,26.7,9.7,0,7.6,1011.3
6/20/18,25.6,23.9,28.9,1.8,0,6.8,1010
6/21/18,28.1,23.3,34.4,0,0,5.8,1011.8
6/22/18,30.5,24.4,38.3,0,0,9.4,1010.4
6/23/18,30.2,24.4,37.8,0,0,11.9,1008
6/24/18,30.6,25.6,37.8,0,0,14.4,1009.7
6/25/18,29.3,25,35,0.8,0,11.5,1013.1
6/26/18,30.7,25.6,37.8,0,0,10.8,1014.8
6/27/18,30.7,24.4,38.3,0,0,10.8,1013.9
6/28/18,30.3,24.4,37.8,0,0,10.1,1013.6
6/29/18,30.3,25.6,37.8,0,0,13,1013
6/30/18,30.9,25.6,38.3,0,0,14,1012.2
7/1/18,31.1,25,40,0,0,12.2,1012.6
7/2/18,31,24.4,38.9,0,0,8.3,1013.6
7/3/18,31.4,24.4,39.4,0,0,8.6,1013
7/4/18,26.9,22.2,36.1,43.2,0,5.8,1014.4
7/5/18,27.5,22.2,34.4,0,0,4,
7/6/18,29.9,24.4,35.6,0.8,0,6.1,1019.1
7/7/18,27.1,23.9,34.4,2.5,0,4.7,1017.4
7/8/18,26.4,22.8,33.9,10.7,0,5,1017
7/9/18,24.2,22.8,28.3,45,0,3.2,
7/10/18,27.8,22.8,33.9,0,0,4.3,1019.1
7/11/18,29.3,23.3,35.6,0,0,6.8,1016.1
7/12/18,29.7,23.9,35.6,0,0,7.6,1015.9
7/13/18,29.7,24.4,35.6,0,0,9,1016.8
7/14/18,30,25,36.1,0,0,8.6,1016.4
7/15/18,29.9,25.6,36.1,0,0,9.7,1015.1
7/16/18,30.3,24.4,37.2,0,0,9,1015.6
7/17/18,30.2,23.3,38.3,0,0,7.6,1016
7/18/18,31.6,25,38.9,0,0,7.9,1013.6
7/19/18,31.8,25,39.4,0,0,7.9,1011.6
7/20/18,31.8,25,39.4,0,0,8.3,1012.5
7/21/18,31.3,23.9,40,0,0,7.9,1013.8
7/22/18,32.1,24.4,41.1,0,0,6.8,1012.4
7/23/18,34,25.6,43.3,0,0,5.4,1010
7/24/18,33.3,28.9,38.3,0,0,7.2,1012.7
7/25/18,31.7,25,38.3,0,0,2.5,1015
7/26/18,31.6,24.4,38.3,0,0,5.8,1014.4
7/27/18,31.7,24.4,39.4,0,0,7.9,1014.8
7/28/18,31.2,23.3,38.9,0,0,7.9,1015.3
7/29/18,32,25,39.4,0,0,6.5,1013.8
7/30/18,31.9,25.6,37.8,0,0,7.2,1013.1
7/31/18,31,26.7,36.7,0,0,6.1,1013.9
8/1/18,30.2,22.2,37.8,0,0,5.4,1014.6
8/2/18,29.7,21.1,37.8,0,0,5,1014.5
8/3/18,30.6,23.3,37.2,0,0,8.3,1014.7
8/4/18,29.6,23.3,38.3,0,0,8.3,1014.5
8/5/18,29.9,25,36.7,0.3,0,9.7,1017.4
8/6/18,29.7,24.4,36.7,0,0,7.9,1017.1
8/7/18,30.2,25,37.8,0,0,9,1015.4
8/8/18,31.1,25.6,38.9,0,0,9.4,1014.5
8/9/18,30.7,24.4,38.3,0,0,9.4,1014.8
8/10/18,29.8,25.6,35.6,0,0,7.9,1014.9
8/11/18,27.2,23.9,35.6,5.8,0,3.2,1014.9
8/12/18,26,23.3,32.2,2.3,0,5.8,1015.5
8/13/18,30,25,37.2,0,0,11.9,1014.5
8/14/18,29.9,24.4,37.8,0,0,11.9,1013.7
8/15/18,31,25,38.9,0,0,9.7,1013.6
8/16/18,31.7,25.6,39.4,0,0,9.4,1015
8/17/18,31.7,24.4,40.6,0,0,9.7,1015.8
8/18/18,32,25,40,0,0,8.6,1014.2
8/19/18,31.5,25,39.4,0,0,9.7,1010.9
8/20/18,31.7,26.1,40,0,0,7.2,1013.5
8/21/18,32.5,25.6,40,0,0,6.1,1016.5
8/22/18,32.5,26.7,40,0,0,5,1017.6
8/23/18,32.7,25,40,0,0,7.2,1015.2
8/24/18,31.7,25,39.4,0,0,9,1012.5
8/25/18,31.3,25.6,38.9,0,0,10.8,1014.4
8/26/18,31.5,26.1,38.9,0,0,10.1,1015.2
8/27/18,31.2,26.1,38.9,0,0,9,1013
8/28/18,31.4,26.1,39.4,0,0,10.4,1012.9
8/29/18,30.4,26.1,38.9,0,0,10.8,1014.5
8/30/18,29.9,25,37.2,0,0,6.1,1015
8/31/18,30,23.3,37.8,0,0,7.9,1012.9
9/1/18,30.4,23.9,37.8,0,0,6.1,1011.4
9/2/18,29.8,25,37.2,0,0,6.8,1011
9/3/18,27,24.4,36.1,17,0,5.8,1012.2
9/4/18,26.4,23.3,33.9,10.2,0,6.5,1013.9
9/5/18,27.6,24.4,35.6,2.3,0,5.8,1014.9
9/6/18,27.8,23.9,36.1,0.5,0,3.6,1015.9
9/7/18,26.3,23.9,31.7,15.2,0,1.4,1014.5
9/8/18,26.4,23.3,31.7,0,0,4.3,1012.2
9/9/18,24.1,22.8,26.1,32.5,0,3.2,1011.4
9/10/18,23.2,21.7,25,2.3,0,4,1013.3
9/11/18,23.9,21.7,29.4,19.3,0,4.7,1013.7
9/12/18,26,23.3,31.1,0.3,0,4.3,1014.2
9/13/18,26.4,23.3,33.3,0,0,6.1,1014.7
9/14/18,24.7,22.8,29.4,3,0,5.8,1014.1
9/15/18,25.1,23.3,30,4.8,0,6.5,1013.6
9/16/18,26,23.3,32.8,2.3,0,2.9,1013.4
9/17/18,27,21.7,33.9,0,0,2.9,1014.1
9/18/18,28.4,22.8,35,0,0,3.2,1014
9/19/18,28.1,22.2,34.4,0,0,5.4,1012.9
9/20/18,26.1,23.3,32.2,8.4,0,6.1,1012.9
9/21/18,27.2,25,31.1,5.8,0,6.5,1012.5
9/22/18,23.1,20,26.1,41.9,0,9.4,1013
9/23/18,22.4,20,26.1,0,0,3.6,1012.6
9/24/18,25.1,21.7,30.6,0,0,2.9,1012.1
9/25/18,28.3,23.9,35,0,0,8.3,1012.4
9/26/18,26.3,20,31.1,0.5,0,8.3,1015.6
9/27/18,21.5,16.7,27.8,0,0,7.6,1017.2
9/28/18,23,17.2,28.3,1.5,0,4.3,1017
9/29/18,23.8,22.2,25.6,34.3,0,4.7,1018.5
9/30/18,24.4,21.7,30.6,0,0,2.9,1018.5
10/1/18,24.8,21.7,30.6,4.6,0,4,1018.8
10/2/18,26.2,22.8,31.1,0,0,5.8,1018.1
10/3/18,27.5,23.9,32.8,0,0,8.6,1015.1
10/4/18,27.3,23.3,32.8,4.8,0,6.1,1015
10/5/18,27.4,23.9,32.2,0,0,9.4,1013.6
10/6/18,26.8,24.4,31.7,0.8,0,7.9,1012.5
10/7/18,26,22.2,31.1,4.8,0,10.1,1011.8
10/8/18,24.3,22.2,28.9,24.4,0,6.1,1009.6
10/9/18,23.5,20,27.2,16,0,5.4,1006.1
10/10/18,21.3,17.2,26.7,0,0,5.4,1011.5
10/11/18,19.8,16.1,23.9,0,0,5.8,1017.2
10/12/18,23.3,17.2,30,0,0,7.6,1013.7
10/13/18,26.5,20,32.2,37.6,0,11.2,1007.9
10/14/18,25,19.4,32.2,3.6,0,7.2,1009.4
10/15/18,9.8,6.7,21.1,41.9,0,14,1020.3
10/16/18,9.1,7.8,10,18.8,0,9.4,1022.8
10/17/18,11.8,10,15,0.5,0,9.4,1025.2
10/18/18,13.9,11.7,15.6,4.1,0,7.2,1025.8
10/19/18,16.4,15,17.8,13,0,2.9,1021.7
10/20/18,17.7,16.7,19.4,0,0,8.3,1021.7
10/21/18,17.7,13.3,23.3,0,0,7.2,1024.4
10/22/18,15.4,12.8,18.3,0.5,0,0.4,1022.1
10/23/18,15.8,12.2,21.1,3.6,0,1.8,1021.5
10/24/18,15.3,13.9,17.2,13,0,5,1016.7
10/25/18,15.9,12.8,20.6,0,0,6.1,1013.9
10/26/18,18.1,11.1,26.7,0,0,3.6,1014.9
10/27/18,20.6,12.2,30,0,0,4,1017
10/28/18,21.9,15,29.4,0,0,3.6,1019.3
10/29/18,21.9,16.7,28.9,0,0,6.5,1018.2
10/30/18,23.1,19.4,28.9,0,0,9.4,1013.6
10/31/18,21.8,13.9,27.8,4.8,0,9.7,1010.1
11/1/18,14.9,9.4,21.1,0,0,8.3,1014.1
11/2/18,15.6,7.8,24.4,0,0,4,1018.4
11/3/18,18.3,10.6,26.1,0,0,9.4,1013.7
11/4/18,17.8,13.3,23.3,10.9,0,5,1016.6
11/5/18,20.1,12.8,26.7,0,0,4.7,1009.8
11/6/18,20.7,15.6,26.1,0,0,2.5,1010.9
11/7/18,24,17.2,30,0,0,5.4,1012.3
11/8/18,15.5,13.3,17.2,14.7,0,9.4,1016.3
11/9/18,11.9,10,15,8.9,0,15.1,1024.6
11/10/18,9.6,7.8,12.2,0,0,6.8,1027.8
11/11/18,10.1,8.3,12.8,5.6,0,3.6,1020
11/12/18,7.8,2.8,10,2.8,0,10.8,1021.6
11/13/18,3.5,1.1,8.9,0,0,12.6,1033.9
11/14/18,5,-1.6,12.8,0,0,5,1032.5
11/15/18,8.5,-0.5,18.3,0,0,3.2,1025.5
11/16/18,11.6,2.8,21.7,0,0,2.5,1021.9
11/17/18,15.2,6.7,23.3,0,0,5,1019.4
11/18/18,11.5,6.7,17.8,0.8,0,7.9,1022.9
11/19/18,9.1,6.1,11.7,0,0,6.5,1023.4
11/20/18,10.4,5,17.2,0,0,5.8,1027
11/21/18,9.5,4.4,13.3,0,0,2.2,1027.4
11/22/18,13.3,10,17.2,0,0,3.2,1024.1
11/23/18,16.9,10,26.1,0,0,5.8,1013.3
11/24/18,16.6,8.9,24.4,0,0,5.8,1009.5
11/25/18,15.9,9.4,20.6,0,0,10.8,1012.9
11/26/18,9.1,3.3,16.1,0,0,9,1026.3
11/27/18,9,0.6,17.8,0,0,3.6,1023.5
11/28/18,14.6,7.8,22.8,0,0,7.2,1015.1
11/29/18,18.1,12.2,24.4,0,0,6.1,1011.2
11/30/18,21.1,18.9,25.6,0.3,0,9.4,1006
12/1/18,18.5,10.6,25.6,0.5,0,5.8,1004.8
12/2/18,14.7,9.4,21.1,0,0,6.8,1010.2
12/3/18,12.4,8.9,17.2,0,0,9.4,1020.1
12/4/18,8.7,3.9,14.4,0,0,7.2,1027.4
12/5/18,8.8,4.4,12.8,0,0,4,1029
12/6/18,12.2,10.6,13.3,9.4,0,3.2,1022.8
12/7/18,10.5,7.8,13.3,63.8,0,10.8,1022.6
12/8/18,6.8,5,8.3,1,0,12.2,1022.3
12/9/18,6.9,2.8,13.3,0,0,9,1027.5
12/10/18,7.2,1.7,15.6,0,0,3.6,1029.8
12/11/18,8.5,0,17.2,0,0,4.7,1027
12/12/18,14.5,10,18.9,0,0,5.8,1015.4
12/13/18,14.8,6.7,21.1,0,0,14,1008
12/14/18,8.7,6.1,11.7,0,0,16.9,1017.2
12/15/18,11.6,5.6,20.6,0,0,7.9,1023.3
12/16/18,10.9,3.9,17.8,0,0,2.9,1025.6
12/17/18,13.3,6.7,21.1,0,0,1.4,1023.7
12/18/18,11,3.3,17.8,0.5,0,3.2,1018.2
12/19/18,13.6,11.7,16.1,1.5,0,4,1010.6
12/20/18,13.6,10,18.3,0,0,13,1015.9
12/21/18,11.7,5,19.4,0,0,7.9,1017.3
12/22/18,15.7,7.2,27.2,0,0,5,1014
12/23/18,12.7,7.8,17.2,0,0,9.4,1024.4
12/24/18,9.8,2.2,16.1,0,0,1.8,1022.9
12/25/18,18.1,15,23.3,0.3,0,8.6,1017.3
12/26/18,18.7,11.7,21.1,46.5,0,17.3,1009.7
12/27/18,14.6,9.4,21.1,17,0,6.8,1008.9
12/28/18,8.5,4.4,12.8,0,0,11.9,1018.9
12/29/18,6.6,5.6,8.3,0,0,12.6,1024.1
12/30/18,4.8,3.3,5.6,6.6,0,5.8,1018.3
12/31/18,9.7,4.4,17.8,1.3,0,2.9,1013.2
1/1/19,6,3.9,7.8,0,0,10.4,1022.5
1/2/19,3,2.2,5,59.4,0,10.4,1021.4
1/3/19,5,1.1,11.1,6.1,0,7.9,1017.9
1/4/19,7.9,0,18.9,0,0,4.3,1018.4
1/5/19,11.8,2.8,23.9,0,0,2.9,1020.5
1/6/19,13.5,5.6,22.2,0,0,7.9,1018.3
1/7/19,19.4,15,25,0,0,4.7,1017.6
1/8/19,17.4,11.7,25,0,0,6.1,1022.6
1/9/19,12.5,7.8,16.7,0,0,9,1030.9
1/10/19,11,5.6,15.6,0,0,5,1026.2
1/11/19,12,8.9,16.1,8.1,0,4.7,1017.8
1/12/19,12.5,6.7,16.1,0,0,11.5,1019.3
1/13/19,7.1,2.8,12.2,0,0,9.4,1028.9
1/14/19,6.7,3.3,11.1,0,0,4.7,1031.1
1/15/19,9,7.2,10.6,0,0,3.2,1027.2
1/16/19,11.7,10,13.9,1,0,1.4,1023
1/17/19,16.6,11.7,25,0,0,4.7,1020.3
1/18/19,14.9,10,18.9,0,0,6.5,1013.3
1/19/19,10.7,3.9,16.7,0,0,17.6,1019.4
1/20/19,6,0,12.2,0,0,7.2,1028.1
1/21/19,10.6,2.2,19.4,0,0,9.7,1020
1/22/19,15.6,5.6,20.6,5.1,0,11.2,1011.5
1/23/19,6.4,1.1,13.3,0.3,0,11.9,1021.4
1/24/19,8.4,0,17.8,0,0,6.1,1020.7
1/25/19,9.8,4.4,16.1,0,0,5.8,1025.4
1/26/19,11.7,5.6,17.8,4.6,0,4.7,1022.8
1/27/19,12.3,6.1,19.4,1,0,4.3,1020.7
1/28/19,13.2,6.7,22.8,0,0,8.6,1013.4
1/29/19,6.4,2.2,10,0,0,8.3,1026.2
1/30/19,8.3,4.4,12.8,0,0,7.9,1024
1/31/19,11.2,7.8,14.4,0.5,0,4.3,1020.2
2/1/19,15.8,13.9,18.3,0.3,0,4.7,1019.6
2/2/19,16.2,15,17.8,0,0,5.4,1018.1
2/3/19,19.1,16.7,24.4,0,0,7.2,1012.3
2/4/19,20.7,18.9,25,0,0,6.8,1011.5
2/5/19,21.5,19.4,26.1,0,0,7.9,1011.4
2/6/19,21.7,20,24.4,0,0,10.1,1010.1
2/7/19,15.4,3.9,22.2,0.8,0,12.2,1018.2
2/8/19,1.8,0.6,3.9,0.8,0,14.4,1035.4
2/9/19,2.6,0.6,5,1.5,0,6.8,1032.9
2/10/19,5.8,2.8,8.3,2,0,2.2,1023.1
2/11/19,12.9,8.3,17.2,1.3,0,2.2,1013
2/12/19,12.6,4.4,18.3,0,0,9.4,1022.3
2/13/19,9.9,0,18.9,0,0,6.5,1023.5
2/14/19,16.6,11.1,23.9,0,0,10.1,1012.4
2/15/19,20.9,12.2,32.8,0,0,4.7,1007.1
2/16/19,10,5.6,16.7,0,0,8.6,1008.8
2/17/19,13.3,9.4,17.2,0,0,11.5,1011.1
2/18/19,9.9,6.7,15,0,0,12.2,1021.9
2/19/19,5.9,4.4,7.2,4.3,0,9.4,1016.5
2/20/19,10.1,5,18.3,0,0,5.4,1015.5
2/21/19,11.1,7.8,13.3,0,0,4.7,1014.2
2/22/19,12,10,15,0.5,0,4.3,1013.7
2/23/19,16.4,11.7,23.9,1,0,9.4,1013.4
2/24/19,12.6,7.2,18.3,0,0,9.7,1026.2
2/25/19,13,6.1,20,0,0,9.4,1024.5
2/26/19,15.1,12.2,20.6,0,0,4.7,1020.1
2/27/19,18.7,10.6,26.1,0,0,3.6,1017.2
2/28/19,5.9,3.9,10.6,2.5,0,9.4,1019.6
3/1/19,9,5.6,12.2,0,0,4.3,1018.1
3/2/19,9.6,7.2,12.2,0,0,7.6,1018.2
3/3/19,5.9,0.6,7.2,0,0,14.4,1019.9
3/4/19,0.4,-1.6,3.3,0,0,14.8,1029.1
3/5/19,2.7,-3.2,8.9,0,0,7.6,1033.4
3/6/19,7.3,-1.6,15,0,0,8.3,1029.9
3/7/19,16,10,23.9,0,0,10.1,1018.9
3/8/19,21.9,17.8,28.9,0,0,12.2,1011.6
3/9/19,23.1,14.4,30.6,1,0,7.6,1008.4
3/10/19,19.8,12.8,25.6,0,0,6.1,1014.5
3/11/19,16,13.9,18.3,0,0,9,1020.4
3/12/19,19.1,14.4,25.6,0.3,0,13.3,1016.3
3/13/19,21.3,12.8,28.3,8.6,0,11.9,1004.1
3/14/19,20.5,15,24.4,0.5,0,14,1013.4
3/15/19,12.8,10,15.6,0,0,13.7,1027.4
3/16/19,12.6,8.3,17.2,0,0,5.4,1028.7
3/17/19,14,6.1,20,0,0,3.6,1026.2
3/18/19,14.5,7.8,21.7,0,0,6.5,1024.9
3/19/19,15.2,8.3,22.2,0,0,4.7,1024
3/20/19,17.3,12.2,25.6,0,0,4,1023
3/21/19,18.4,10,26.7,0,0,3.6,1022.8
3/22/19,18.8,10,27.2,0,0,7.9,1019.6
3/23/19,19.8,16.7,23.9,0,0,10.1,1017.4
3/24/19,22,18.9,28.3,0,0,8.6,1016.9
3/25/19,22.9,17.8,27.8,0,0,8.3,1018.8
3/26/19,19.2,13.3,26.1,0,0,6.1,1024.5
3/27/19,18.7,11.7,26.1,0,0,8.6,1023.5
3/28/19,19.3,13.3,26.7,0,0,11.2,1020
3/29/19,20.5,16.7,26.7,0,0,11.2,1014.2
3/30/19,17,10,21.7,0,0,14,1015.7
3/31/19,10.1,6.1,15,0,0,12.2,1026.4
4/1/19,10.7,4.4,17.8,0,0,4,1024.3
4/2/19,14,4.4,23.3,0,0,7.6,1022.3
4/3/19,16.8,12.8,21.1,0.8,0,11.5,1018.7
4/4/19,24.3,18.3,33.3,1,0,5.4,1013.8
4/5/19,21.7,17.8,28.3,0,0,7.2,1013.7
4/6/19,21,18.9,22.8,86.4,0,4.7,1010.7
4/7/19,18.9,16.7,21.1,33,0,10.8,1012
4/8/19,22.2,15.6,31.7,0,0,7.6,1013.7
4/9/19,23.5,13.9,32.2,0,0,4,1012.2
4/10/19,25,16.7,33.9,0,0,11.9,1003.5
4/11/19,22.2,15,28.9,0,0,8.3,1003.6
4/12/19,18.9,12.2,26.1,0.3,0,7.9,1009
4/13/19,16.9,8.9,20,10.9,0,13.7,1004.3
4/14/19,14.9,7.8,23.9,0,0,9,1016.4
4/15/19,19.1,11.1,27.8,0,0,10.1,1016.2
4/16/19,21.7,17.8,28.9,0,0,13,1014.4
4/17/19,23.5,16.1,28.9,6.1,0,11.9,1008
4/18/19,19.3,13.9,24.4,8.4,0,12.2,1008.7
4/19/19,18.7,11.1,25,0,0,10.8,1017.7
4/20/19,18.8,8.3,28.9,0,0,6.5,1017.6
4/21/19,21.2,14.4,29.4,0,0,12.2,1014.3
4/22/19,22.5,19.4,26.7,0,0,13,1015.5
4/23/19,22.1,20,26.7,0,0,13,1014
4/24/19,17.9,14.4,21.1,37.6,0,6.8,1011
4/25/19,21.3,13.9,31.1,0,0,6.8,1011.7
4/26/19,22,17.2,28.3,0,0,6.1,1018.2
4/27/19,22.7,15.6,30,0,0,9.4,1012.8
4/28/19,23.3,18.9,30,0,0,10.8,1012.2
4/29/19,23.7,20.6,29.4,0,0,12.6,1012
4/30/19,25.2,23.3,28.3,0.5,0,14.8,1011
5/1/19,25.5,23.9,28.3,0.3,0,14,1010.8
5/2/19,20.8,17.2,26.1,3.8,0,9.7,1014.1
5/3/19,20.4,17.8,27.8,82.8,0,7.2,1012.1
5/4/19,21.7,16.1,28.3,0,0,6.1,1011.2
5/5/19,23.2,15.6,30,0,0,6.8,1011.4
5/6/19,22.1,19.4,24.4,0,0,9,1012.8
5/7/19,23.7,20,30.6,46.2,0,10.1,1012
5/8/19,22.1,18.9,25.6,36.6,0,6.1,1005.8
5/9/19,24.4,17.2,30.6,0.3,0,7.9,1008.5
5/10/19,16,12.8,20,0,0,11.2,1015
5/11/19,15.9,13.9,18.9,3.3,0,5.8,1013
5/12/19,20.5,15.6,26.7,0,0,5.8,1012.2
5/13/19,21.4,13.3,28.9,0,0,4,1013.5
5/14/19,22.9,17.2,27.8,0,0,4,1014.8
5/15/19,24,17.8,30,0,0,4.7,1015.5
5/16/19,24.7,19.4,30.6,0,0,7.2,1014.5
5/17/19,26.3,22.8,32.2,0,0,13.3,1009.3
5/18/19,26.2,24.4,29.4,1.5,0,11.9,1005.3
5/19/19,28.3,24.4,32.8,0,0,7.9,1008.8
5/20/19,27.4,25,32.2,0,0,16.2,1007.1
5/21/19,25.7,17.8,31.1,4.1,0,9.4,1003.5
5/22/19,27.9,23.3,32.8,0,0,15.5,1006.5
5/23/19,28.1,24.4,33.3,0,0,16.2,1012.1
5/24/19,27.7,23.9,32.2,0,0,15.5,1013.9
5/25/19,27.1,23.9,32.8,0,0,13.7,1014.8
5/26/19,27.2,23.3,32.8,0,0,13,1015.4
5/27/19,26.6,23.3,32.2,0,0,11.2,1011.4
5/28/19,26.6,23.3,31.7,0,0,11.9,1007.1
5/29/19,28,24.4,33.3,0,0,11.2,1005.9
5/30/19,25.2,22.2,30,12.2,0,7.2,1011.9
5/31/19,27.2,22.2,32.8,0,0,5.4,1013.9
6/1/19,28.2,23.9,33.3,0,0,6.5,1012.9
6/2/19,28.6,23.3,34.4,0,0,5.8,1012.3
6/3/19,28.6,23.3,33.9,0,0,7.2,1013
6/4/19,25.7,23.3,28.9,9.4,0,3.2,1013.2
6/5/19,26.6,23.3,32.8,3.6,0,5,1009.3
6/6/19,25.1,19.4,32.2,14.7,0,3.2,1007.6
6/7/19,28,21.7,35,0,0,4.7,1007.4
6/8/19,28.7,21.1,36.7,0,0,1.8,1008.6
6/9/19,28.7,21.7,36.7,26.4,0,7.2,1011
6/10/19,26.3,23.3,31.1,0,0,10.4,1020.6
6/11/19,23.3,20.6,27.2,0.8,0,3.6,1018.9
6/12/19,25.2,18.9,32.2,0,0,2.2,1015.5
6/13/19,27,21.7,32.8,0,0,5,1017.4
6/14/19,27.3,21.1,33.3,0,0,9.7,1014.6
6/15/19,28.8,24.4,35,0,0,13,1010.8
6/16/19,28.9,20.6,35,5.8,0,11.9,1009.4
6/17/19,25,20.6,32.2,4.8,0,3.2,1011.6
6/18/19,28.1,22.2,35,0,0,5.8,1012
6/19/19,30.3,25.6,36.1,0,0,10.8,1008.5
6/20/19,30.1,25,36.1,0,0,11.5,1008.4
6/21/19,30,26.7,35,0,0,13.7,1009.8
6/22/19,28.6,23.9,33.9,0,0,10.8,1011
6/23/19,29.8,26.7,35.6,0,0,11.5,1009.4
6/24/19,23.1,19.4,28.3,9.7,0,7.9,1011.2
6/25/19,25.8,20,34.4,0,0,8.6,1014.2
6/26/19,26.3,21.7,33.9,0.3,0,7.9,1017.8
6/27/19,27.1,22.2,35,15,0,6.1,1019.5
6/28/19,27.9,22.8,34.4,0,0,4,1018.9
6/29/19,28.3,20,35.6,10.7,0,5.8,1017.1
6/30/19,23.9,20,30,11.9,0,4.7,1015.9
7/1/19,27.7,23.3,33.3,0,0,7.9,1015.2
7/2/19,27.8,23.9,33.9,0,0,9.4,1013.8
7/3/19,26.5,23.9,33.3,0.3,0,7.6,1012.4
7/4/19,28.4,24.4,33.9,0,0,9.7,1012.8
7/5/19,29.8,25.6,35.6,0,0,11.2,1015.6
7/6/19,29.6,25,35,0,0,8.3,1017.3
7/7/19,30.1,25,36.1,0,0,8.3,1015.2
7/8/19,28.1,22.2,36.1,9.7,0,6.1,1013
7/9/19,29.5,23.9,36.1,0,0,7.2,1012.5
7/10/19,30.7,25,36.7,0,0,6.5,1013.6
7/11/19,29.7,23.9,36.7,0,0,6.8,1013.1
7/12/19,30.4,24.4,37.2,0,0,5.4,1009.9
7/13/19,29.8,23.9,36.1,0,0,7.9,1009.4
7/14/19,31.2,26.1,37.8,0,0,5.4,1010.5
7/15/19,29.8,25,36.7,0,0,3.6,1011.8
7/16/19,30.8,25.6,37.8,0,0,10.8,1013.7
7/17/19,30.7,25.6,37.8,0,0,10.8,1014.8
7/18/19,30.7,25.6,37.8,0,0,10.8,1014.1
7/19/19,30.6,25,37.8,0,0,11.9,1013.5
7/20/19,30.9,25.6,37.8,0,0,10.8,1012.8
7/21/19,30.6,24.4,37.8,0,0,9.4,1012.7
7/22/19,30.8,25,37.2,0,0,4.3,1014.1
7/23/19,30.2,26.7,35,0,0,9.4,1016.5
7/24/19,27.8,23.3,33.3,0,0,7.9,1018
7/25/19,26.3,17.2,33.9,0,0,5,1017.8
7/26/19,27.3,18.9,33.9,0,0,4,1018.5
7/27/19,29.2,21.7,36.1,0,0,4,1018.3
7/28/19,30.8,25,38.3,0,0,10.8,1016.2
7/29/19,30.9,25,38.3,0,0,9.7,1014.7
7/30/19,31.6,25.6,39.4,0,0,7.2,1014.5
7/31/19,31.5,24.4,39.4,0,0,5.8,1014.5
8/1/19,31.1,25,37.8,0,0,6.1,1015
8/2/19,31.4,25,37.8,0,0,4.3,1013.9
8/3/19,30.4,26.7,36.7,0,0,5.8,1012.4
8/4/19,28.9,23.9,35,5.1,0,5,1013
8/5/19,30.9,25,37.8,0,0,4.7,1012.8
8/6/19,31.4,25.6,38.9,0,0,5.8,1012.2
8/7/19,31.8,26.1,38.9,0,0,9.4,1011.8
8/8/19,32.2,26.1,40,0,0,10.8,1011.4
8/9/19,32.2,26.7,40.6,0,0,10.4,1011.8
8/10/19,32.1,26.1,40,0,0,9.4,1012.3
8/11/19,32.2,25.6,40,0,0,8.6,1013.1
8/12/19,32.7,26.1,40.6,0,0,9.4,1011.6
8/13/19,32.6,26.1,40.6,0,0,9,1011.1
8/14/19,32,26.1,40,0,0,4.3,1013
8/15/19,31.4,25.6,39.4,0,0,3.6,1013.4
8/16/19,32.8,26.1,40,0,0,7.6,1011.6
8/17/19,32.2,26.7,40,0,0,11.5,1010
8/18/19,32.2,26.7,39.4,0,0,11.2,1010.5
8/19/19,32.1,26.7,39.4,0,0,9.7,1013.1
8/20/19,32,26.1,39.4,0,0,7.9,1014.6
8/21/19,31.3,25.6,38.3,0,0,8.3,1014.3
8/22/19,31,25.6,38.9,0,0,9.4,1012.1
8/23/19,30.3,26.1,37.8,0,0,8.3,1011.2
8/24/19,28.4,23.9,37.2,33,0,3.2,1011.6
8/25/19,29.8,24.4,38.3,0,0,4.3,1009.4
8/26/19,31.6,26.1,38.9,0,0,10.4,1007.2
8/27/19,29.4,26.7,34.4,0,0,8.6,1011.2
8/28/19,30.2,24.4,38.9,0.3,0,5.4,1015
8/29/19,31.2,25,38.9,0,0,6.8,1014.8
8/30/19,30.9,26.1,37.8,0,0,6.1,1014.4
8/31/19,30.6,24.4,37.8,0,0,4.7,1015
9/1/19,30.3,24.4,37.2,0,0,4,1015.4
9/2/19,31.3,24.4,38.9,0,0,5,1014.9
9/3/19,31.1,23.3,38.3,0,0,6.5,1013.2
9/4/19,31.6,23.9,38.9,0,0,5.4,1014.9
9/5/19,31.5,23.3,38.9,0,0,5.8,1016.8
9/6/19,32.1,25,39.4,0,0,4.3,1015.8
9/7/19,31.7,25,39.4,0,0,5.4,1014.5
9/8/19,31,25,38.9,0,0,9.7,1013.4
9/9/19,30.2,25.6,38.3,0,0,10.8,1014.2
9/10/19,28.2,23.3,38.3,4.8,0,7.2,1016.2
9/11/19,27.5,23.3,37.8,0,0,6.8,1017.5
9/12/19,29.3,23.3,37.8,0,0,6.1,1016.5
9/13/19,29.8,23.9,36.7,0,0,4.7,1018.2
9/14/19,30.7,23.9,37.8,0,0,4.3,1017.5
9/15/19,30.2,22.8,36.7,0,0,4.3,1016.1
9/16/19,30.8,24.4,38.3,0,0,5.8,1014.2
9/17/19,28.4,24.4,33.3,0,0,5.4,1012.3
9/18/19,29.8,23.3,38.3,0,0,4.7,1010.8
9/19/19,28.2,25,38.3,8.6,0,5,1009.9
9/20/19,29.9,25.6,37.8,0,0,14.4,1012.7
9/21/19,29.7,26.1,37.2,0,0,13.7,1015.2
9/22/19,30.3,25,37.8,0,0,9,1014.7
9/23/19,30.5,25.6,37.8,0,0,7.9,1014.7
9/24/19,30.1,25.6,36.7,0,0,9,1012.2
9/25/19,29.6,23.9,37.8,0,0,7.6,1010.7
9/26/19,29.8,23.9,36.7,0,0,7.6,1011
9/27/19,29.7,23.9,37.2,0,0,7.9,1009.2
9/28/19,29.6,26.1,35.6,0,0,12.2,1010.9
9/29/19,29.9,25,36.7,2.3,0,11.2,1013.8
9/30/19,29.8,26.7,37.2,0.5,0,11.9,1014.2
10/1/19,30,25.6,37.2,0,0,12.2,1013.5
10/2/19,29.6,25,36.7,0,0,9.7,1013.6
10/3/19,29.5,23.9,36.1,0,0,6.1,1015.3
10/4/19,29.2,23.9,35.6,0,0,4.7,1016.3
10/5/19,29.1,22.2,36.1,0,0,2.9,1014
10/6/19,29.1,22.2,37.2,0,0,5.4,1013.4
10/7/19,25.2,20,29.4,0,0,9.7,1018.2
10/8/19,23.1,17.2,30.6,0,0,4,1017.2
10/9/19,27,20.6,35.6,0,0,10.1,1011.7
10/10/19,29.9,25.6,37.2,0,0,13.7,1009
10/11/19,14.7,8.3,27.8,12.2,0,14.8,1019.8
10/12/19,14.8,12.2,18.3,0.3,0,6.5,1022.7
10/13/19,19.7,13.3,27.8,0.3,0,3.2,1016.3
10/14/19,25.6,21.7,31.7,0,0,2.9,1013.8
10/15/19,27.8,23.3,35.6,27.7,0,4,1011.5
10/16/19,20,13.3,24.4,1,0,9.7,1017.6
10/17/19,17.3,12.2,25,0,0,2.9,1016.5
10/18/19,19.3,10.6,29.4,0,0,4.3,1010
10/19/19,25.7,18.9,35.6,0,0,2.9,1006.8
10/20/19,25.5,18.3,35,0,0,7.2,1007.1
10/21/19,22.7,17.2,27.8,6.4,0,9.4,1010.6
10/22/19,19.7,10,28.3,0,0,4,1020.3
10/23/19,21.4,12.2,30.6,0,0,9.4,1016.9
10/24/19,21.3,9.4,30,52.3,0,9.7,1014.2
10/25/19,10.4,6.7,15,2.8,0,15.1,1019.8
10/26/19,13.9,7.8,23.3,0,0,5.8,1014.3
10/27/19,17.2,7.2,28.3,0,0,5.8,1013.4
10/28/19,19.9,13.9,27.8,0.5,0,4.3,1013.8
10/29/19,12.3,9.4,13.9,2,0,8.6,1015.4
10/30/19,8.3,5,9.4,1,0,14.4,1018.4
10/31/19,6.5,1.1,13.9,0,0,10.1,1030.6
11/1/19,7.9,-0.5,17.8,0,0,2.5,1027.5
11/2/19,12,4.4,21.7,0,0,3.6,1027.9
11/3/19,13.9,5,23.3,0,0,5.8,1022.3
11/4/19,19.5,12.2,28.3,0,0,4,1015.6
11/5/19,22.4,17.2,28.3,0,0,2.2,1019.3
11/6/19,23.9,20,29.4,0,0,9,1020.3
11/7/19,14.5,6.7,20,2.8,0,10.4,1022.4
11/8/19,8,6.7,10,3.3,0,7.9,1028.5
11/9/19,12.7,6.1,21.1,0,0,1.8,1024.9
11/10/19,16.9,9.4,24.4,0,0,4.7,1018.5
11/11/19,13.1,0.6,23.9,3,0,13.3,1019.8
11/12/19,2.1,-0.5,8.3,0,0,11.9,1033.9
11/13/19,2.8,-1,5.6,0,0,3.2,1025.8
11/14/19,5.6,2.8,7.2,2.5,0,3.6,1025.7
11/15/19,9,3.3,18.3,0,0,3.2,1029
11/16/19,10.1,1.7,18.9,0,0,1.8,1023
11/17/19,12.8,5.6,22.2,0,0,1.8,1017.6
11/18/19,15.1,8.9,23.9,0,0,3.2,1015.2
11/19/19,17.5,7.2,26.7,0,0,6.1,1014.5
11/20/19,22,17.8,28.9,0,0,12.6,1013.1
11/21/19,23.4,20.6,27.2,0,0,9.7,1013
11/22/19,15,8.3,23.3,0,0,7.9,1016.5
11/23/19,12.2,5,22.2,0,0,3.2,1019.5
11/24/19,13.9,5,23.9,0,0,2.2,1016.7
11/25/19,19.9,10.6,31.1,0,0,5.4,1006.4
11/26/19,20.5,18.9,23.3,0,0,5.8,1004
11/27/19,14.3,11.1,21.1,0,0,12.2,1021.2
11/28/19,11.2,9.4,12.8,0.8,0,5.8,1022.8
11/29/19,14.9,11.1,23.3,4.3,0,4.7,1016.9
11/30/19,24.5,16.1,30.6,0,0,9.4,1008.8
12/1/19,14.2,8.9,19.4,0,0,10.4,1020.3
12/2/19,11.4,6.1,19.4,0,0,6.1,1025.2
12/3/19,13.7,3.9,23.9,0,0,4.7,1016.6
12/4/19,16.3,11.1,23.9,0,0,5.4,1017.9
12/5/19,16.7,10.6,23.9,0,0,4,1015.6
12/6/19,17.6,12.2,23.9,0,0,10.8,1021.2
12/7/19,13.7,7.8,21.1,0,0,2.5,1024.6
12/8/19,16.5,9.4,23.9,0,0,6.8,1015.7
12/9/19,21.5,13.9,28.3,0,0,8.3,1010.5
12/10/19,7.9,3.3,13.9,9.4,0,9.7,1024.1
12/11/19,7.3,2.2,14.4,0,0,3.6,1032.2
12/12/19,8.7,1.7,17.2,0,0,2.9,1024.1
12/13/19,14,5,25.6,0,0,2.9,1013.1
12/14/19,15.3,6.1,25,0,0,4.7,1009.8
12/15/19,18,10,27.2,0,0,6.1,1007.6
12/16/19,12.2,5,21.1,0,0,13.7,1014.9
12/17/19,6.4,1.7,13.3,0,0,11.9,1028.7
12/18/19,6.8,1.1,16.1,0,0,4.3,1031.5
12/19/19,7.5,-1,16.7,0,0,4.3,1028.3
12/20/19,10,8.3,11.1,9.9,0,2.9,1025.9
12/21/19,11.2,5,16.7,0,0,3.2,1026.8
12/22/19,8.1,3.9,16.1,0,0,1.8,1025.6
12/23/19,10.5,2.2,21.1,0,0,1.4,1020.9
12/24/19,12.7,2.8,22.2,0,0,3.2,1017.3
12/25/19,14.3,8.9,20.6,0,0,1.8,1014.1
12/26/19,16.5,12.2,20,0,0,0.7,1016.9
12/27/19,16.5,12.2,20,0,0,5.4,1016.3
12/28/19,16.8,11.7,22.2,1.8,0,7.9,1008.5
12/29/19,13.3,7.8,18.9,0,0,9.4,1012.6
12/30/19,10,3.9,16.7,0,0,5,1021.8
12/31/19,9.7,2.8,16.7,0,0,4,1023.9
1/1/20,12.2,10,14.4,0,0,5.8,1014.9
1/2/20,12.6,9.4,15.6,0,0,4.7,1004.7
1/3/20,13.3,9.4,18.9,0,0,10.8,1014.6
1/4/20,13.1,6.7,22.8,0,0,6.8,1026.9
1/5/20,15,7.2,24.4,0,0,4.3,1025.2
1/6/20,15.4,5.6,24.4,0,0,6.1,1020.8
1/7/20,12.9,6.1,20.6,0,0,4.3,1029
1/8/20,12.4,2.8,21.7,0,0,8.3,1024.4
1/9/20,20.4,16.7,25.6,0,0,11.5,1014.7
1/10/20,21.5,13.9,25,18.8,0,16.9,1008.2
1/11/20,11.1,6.1,15.6,0,0,6.8,1018.7
1/12/20,9.4,2.2,17.2,0,0,4.7,1022.2
1/13/20,13.7,11.1,15.6,0.3,0,1.8,1021
1/14/20,19.1,15.6,25,0,0,1.8,1018.2
1/15/20,23,20.6,27.8,0.3,0,6.8,1017.4
1/16/20,16.8,13.9,22.8,8.1,0,6.1,1023.6
1/17/20,12.5,10,15,2.3,0,2.5,1022.3
1/18/20,16.9,9.4,21.1,0,0,9.7,1022.8
1/19/20,9.5,5,14.4,0,0,11.5,1032.5
1/20/20,9.1,1.7,16.7,0,0,2.9,1033.8
1/21/20,10.6,4.4,16.7,0,0,12.2,1029.2
1/22/20,11.7,8.3,15,22.6,0,6.1,1017
1/23/20,13.4,8.9,19.4,0,0,7.9,1015.7
1/24/20,12.3,5.6,20.6,0,0,2.9,1020.9
1/25/20,13.2,6.1,19.4,0.5,0,4.7,1018.6
1/26/20,17.9,12.2,26.1,0,0,4.3,1015.3
1/27/20,13.7,8.3,21.1,0,0,6.8,1015.2
1/28/20,14.7,10.6,22.8,7.4,0,11.2,1012.9
1/29/20,11.1,6.7,17.2,0,0,10.1,1017.8
1/30/20,8.2,6.7,10,0.3,0,7.2,1019.9
1/31/20,10.6,6.7,17.2,0,0,5.8,1021.9
2/1/20,12.8,5.6,23.3,0,0,7.6,1024.4
2/2/20,16.4,6.7,27.2,0,0,6.8,1018.8
2/3/20,18,13.3,22.8,0,0,11.5,1010
2/4/20,18.4,8.3,26.1,0,0,10.1,1008.2
2/5/20,4.7,0.6,8.3,0.5,0,14.4,1011.9
2/6/20,5.2,-0.5,12.8,0,0,7.9,1011.8
2/7/20,12.7,2.2,24.4,0,0,5.8,1013
2/8/20,14.2,6.7,21.1,0,0,9.7,1019.8
2/9/20,19.7,17.2,22.2,2,0,9.7,1014.9
2/10/20,14.9,8.3,21.7,2.3,0,9.4,1014.4
2/11/20,7.5,6.1,8.3,6.4,0,10.8,1018.5
2/12/20,8.9,6.7,13.9,34.3,0,7.6,1013.3
2/13/20,7.9,3.9,12.8,0,0,10.8,1024
2/14/20,7.8,0.6,15.6,0,0,6.1,1029.5
2/15/20,11.4,4.4,18.3,0,0,2.2,1022.7
2/16/20,16.7,9.4,25.6,0,0,4,1015.7
2/17/20,20.8,15,26.7,0,0,8.3,1010.2
2/18/20,17.4,10,22.2,0.8,0,7.9,1015.7
2/19/20,9.6,8.3,10.6,1.5,0,10.8,1023.7
2/20/20,8.4,6.7,11.1,10.2,0,13.7,1029.4
2/21/20,7.3,2.2,13.3,0,0,8.3,1037
2/22/20,12,6.7,18.3,0,0,7.2,1027.6
2/23/20,16.3,12.2,20.6,0,0,6.8,1016.6
2/24/20,17.8,8.9,21.1,0.3,0,5,1010.6
2/25/20,13.5,8.3,20,0,0,12.2,1014.7
2/26/20,8.6,3.9,13.3,0,0,14,1029.6
2/27/20,8.7,0,18.3,0,0,3.6,1029.1
2/28/20,13.7,3.9,23.9,0,0,4.3,1027.6
2/29/20,16.2,8.3,24.4,0,0,8.6,1022.6
3/1/20,18.8,14.4,25,0,0,9,1013.1
3/2/20,21.3,18.3,26.1,0,0,6.5,1009.4
3/3/20,21.2,17.8,23.9,0,0,4.7,1008.1
3/4/20,16.9,12.2,20.6,36.3,0,11.5,1010.2
3/5/20,15.8,8.9,24.4,0,0,6.8,1023.8
3/6/20,15.8,10,21.7,0,0,7.9,1031
3/7/20,12.2,7.2,17.8,0,0,7.2,1028.4
3/8/20,16.4,10,24.4,0,0,11.5,1023.7
3/9/20,18.5,17.8,19.4,4.1,0,6.8,1021.2
3/10/20,20.6,15,27.2,0,0,4.7,1022.9
3/11/20,22.9,17.2,29.4,0,0,7.6,1017.1
3/12/20,23.9,20,30.6,0,0,10.8,1011.4
3/13/20,23.3,20.6,28.9,0,0,11.2,1013.3
3/14/20,24.4,20.6,28.9,0,0,8.6,1017.3
3/15/20,16.9,14.4,20.6,1,0,7.9,1023
3/16/20,18.6,14.4,23.9,0,0,5.8,1020.8
3/17/20,22.4,20,27.2,0.3,0,10.8,1017
3/18/20,23.8,21.1,28.3,0,0,13,1014.3
3/19/20,23.9,21.1,29.4,1.3,0,11.2,1013.1
3/20/20,15.6,11.1,22.2,22.6,0,11.5,1022.6
3/21/20,10.9,8.9,12.8,23.1,0,7.9,1026.1
3/22/20,15.5,12.2,19.4,0,0,1.8,1019.7
3/23/20,22.1,17.8,28.9,0.3,0,5.8,1015.7
3/24/20,24.5,15.6,33.3,0,0,5.4,1011.8
3/25/20,22.5,13.3,32.8,0,0,5,1011.7
3/26/20,24.6,19.4,31.1,0,0,8.6,1009.1
3/27/20,25.4,21.1,31.7,0,0,11.2,1006.4
3/28/20,22.3,12.8,27.2,1.8,0,8.6,1009.8
3/29/20,18.9,10.6,27.2,0,0,5.8,1018.6
3/30/20,19.6,17.8,21.1,11.2,0,2.2,1014
3/31/20,18.7,13.3,23.9,0,0,7.2,1015.5
4/1/20,17.9,10,25.6,0,0,9,1014.8
4/2/20,18.8,16.7,21.1,6.6,0,8.3,1011.8
4/3/20,17.3,7.8,23.3,21.3,0,9.7,1013.2
4/4/20,8.8,7.2,11.7,16.8,0,7.2,1017.3
4/5/20,14.7,10.6,19.4,0,0,3.6,1017.4
4/6/20,20.8,16.1,26.7,0,0,2.5,1015.4
4/7/20,25.3,21.1,31.7,0,0,4.3,1013.5
4/8/20,27.7,22.8,35,0,0,4.7,1010.7
4/9/20,24.4,18.9,33.9,4.8,0,3.6,1010.6
4/10/20,20,17.2,23.9,0,0,8.6,1015.4
4/11/20,20.5,16.1,24.4,0.5,0,7.9,1009.9
4/12/20,24.8,16.1,30.6,0.8,0,12.2,1001.9
4/13/20,13.1,7.2,18.3,0,0,11.5,1018.4
4/14/20,13.1,7.8,18.9,0,0,12.2,1021.7
4/15/20,13.7,6.1,21.1,0,0,6.1,1021.9
4/16/20,17.9,8.9,26.1,0,0,9.4,1019.1
4/17/20,18,13.3,23.3,0.8,0,5.4,1016.6
4/18/20,14.7,12.8,17.2,0,0,5.8,1016
4/19/20,21.9,15.6,34.4,0.5,0,4.7,1006.9
4/20/20,23.2,16.1,30.6,0,0,6.8,1010
4/21/20,24.3,19.4,30.6,0,0,10.8,1012.1
4/22/20,23.7,21.7,27.2,3,0,7.6,1006.5
4/23/20,24.2,15,32.2,0,0,5.8,1007.8
4/24/20,26.3,16.1,36.7,0,0,7.6,1007
4/25/20,22.2,15.6,27.2,0,0,7.9,1016.2
4/26/20,22,12.2,30.6,0,0,6.1,1020.9
4/27/20,24,16.1,32.2,0,0,12.2,1016.7
4/28/20,27.4,23.3,33.9,0,0,10.8,1010.3
4/29/20,24.7,15,29.4,18,0,11.2,1014.7
4/30/20,22.1,12.8,31.7,0,0,5.8,1018.4
5/1/20,23.8,16.1,32.2,0,0,11.2,1015.2
5/2/20,25.8,20.6,33.9,0,0,13.7,1014.4
5/3/20,27.2,21.1,35,0,0,11.5,1012.5
5/4/20,28,22.2,36.1,0,0,11.9,1009.8
5/5/20,25.1,21.7,30,0,0,9.4,1013.2
5/6/20,24.2,18.9,30.6,0,0,7.2,1020
5/7/20,22.8,13.9,28.9,0,0,8.6,1016.4
5/8/20,24.8,17.8,30,0,0,15.5,1012.9
5/9/20,20.4,16.1,26.1,0,0,7.6,1020.4
5/10/20,20.7,12.8,27.8,0,0,4.7,1021.8
5/11/20,23.1,15,30,0,0,9.7,1019.9
5/12/20,20.6,18.9,23.3,60.2,0,6.5,1014.6
5/13/20,23.6,17.8,31.7,0.3,0,8.6,1012.9
5/14/20,27,22.2,33.9,0,0,10.8,1010.8
5/15/20,26.7,18.3,33.3,55.6,0,9.4,1008.7
5/16/20,22.1,17.2,28.9,16,0,8.3,1007.6
5/17/20,24.7,18.9,33.3,0,0,4.3,1012.5
5/18/20,26.9,17.8,35,0,0,4.7,1011.9
5/19/20,28.4,21.1,36.1,0,0,6.1,1008
5/20/20,28.8,23.9,35,0,0,10.8,1007.2
5/21/20,27.6,21.7,33.9,1,0,9.7,1008.1
5/22/20,28.5,22.8,35,1.3,0,11.9,1009.1
5/23/20,28.7,23.3,33.9,0.5,0,14,1010.1
5/24/20,26.7,19.4,35,24.6,0,10.8,1008.5
5/25/20,22.1,18.9,26.7,18.5,0,5,1008.3
5/26/20,23.7,18.3,30,5.1,0,4.7,1012.3
5/27/20,22.9,16.7,32.8,16,0,7.9,1011
5/28/20,24.3,17.2,32.2,0,0,3.2,1012.9
5/29/20,26,21.1,31.7,0,0,7.9,1017.8
5/30/20,25.2,17.2,31.7,0,0,2.2,1018
5/31/20,25.9,23.3,29.4,0,0,7.6,1018
6/1/20,25.3,22.2,28.9,0,0,4.3,1018.2
6/2/20,26.5,22.2,32.2,0.3,0,4,1016.7
6/3/20,27.3,22.8,33.9,0,0,4.7,1014
6/4/20,28.5,23.3,34.4,0,0,6.5,1011.3
6/5/20,28.9,24.4,34.4,0,0,6.5,1012.3
6/6/20,30,23.3,35.6,0,0,2.9,1010.9
6/7/20,30,24.4,35.6,0,0,3.2,1006.8
6/8/20,30.7,23.3,37.2,0,0,4.7,1003.7
6/9/20,30.6,25,37.8,0,0,7.9,1005.9
6/10/20,27.9,20,34.4,0,0,6.8,1017.3
6/11/20,27.2,17.8,35.6,0,0,3.6,1022.3
6/12/20,26.7,17.2,34.4,0,0,4,1022.3
6/13/20,27.6,19.4,34.4,0,0,5,1018.2
6/14/20,27.8,18.9,34.4,0,0,4.3,1017.1
6/15/20,27.8,22.2,35.6,0,0,5.4,1018.5
6/16/20,28.6,23.9,35,0,0,8.6,1017.8
6/17/20,28.2,21.7,35.6,0,0,9.4,1015.4
6/18/20,28.3,22.8,36.1,0,0,10.8,1013
6/19/20,29.1,25,36.1,0,0,10.8,1013.4
6/20/20,27.7,21.1,34.4,31.8,0,8.3,1014.5
6/21/20,29.3,25,35.6,0,0,10.1,1012.1
6/22/20,29.2,26.1,34.4,0,0,9.4,1011.1
6/23/20,27.3,21.7,33.9,14.7,0,8.3,1011.3
6/24/20,25.6,23.3,30,0.5,0,4.7,1011.4
6/25/20,27.6,21.7,34.4,0,0,4.7,1013
6/26/20,25.5,21.7,30,15.5,0,8.3,1016.4
6/27/20,28.5,25,33.9,0,0,11.2,1013.9
6/28/20,27.6,24.4,31.1,5.1,0,10.4,1009.7
6/29/20,28.6,25.6,32.2,0,0,12.2,1009.3
6/30/20,29.4,26.7,33.9,0,0,10.8,1010
7/1/20,29.7,26.7,35,0,0,10.1,1010.5
7/2/20,30.7,26.7,36.7,0,0,8.6,1012.8
7/3/20,30.2,24.4,37.2,0,0,7.6,1013.9
7/4/20,30.4,23.3,37.8,0,0,5.8,1012
7/5/20,31,23.9,37.8,0,0,7.2,1009.6
7/6/20,30.2,25.6,34.4,0,0,7.9,1010.5
7/7/20,30.6,27.2,37.8,0,0,9.4,1011.9
7/8/20,30.9,26.7,37.2,0,0,10.4,1011.2
7/9/20,31.5,26.7,38.3,0,0,12.6,1010.9
7/10/20,31.7,26.1,38.9,0,0,9,1014
7/11/20,32.2,25.6,40,0,0,8.6,1014.4
7/12/20,32.2,25.6,40.6,0,0,7.2,1012.4
7/13/20,33.6,26.1,42.2,0,0,9.4,1010.4
7/14/20,32.2,25,41.1,0,0,11.5,1011
7/15/20,31.4,25.6,39.4,0,0,10.1,1012.8
7/16/20,31.6,25,38.9,0,0,7.9,1014.9
7/17/20,31.2,25.6,38.9,0,0,7.9,1015.2
7/18/20,30.2,24.4,36.7,0,0,7.9,1014.9
7/19/20,30.6,24.4,37.2,0,0,6.1,1014.2
7/20/20,31,25,37.8,0,0,7.2,1012.5
7/21/20,29.7,25.6,36.1,0,0,8.3,1011.7
7/22/20,30.9,26.1,37.8,0,0,7.9,1012.6
7/23/20,31.5,26.1,38.3,0,0,5.8,1012.9
7/24/20,31.9,27.2,37.8,0,0,7.9,1011.7
7/25/20,27.8,23.9,34.4,3.6,0,9,1012
7/26/20,27.5,24.4,36.1,1,0,7.9,1014.7
7/27/20,29.4,25,36.7,0,0,4.3,1014.8
7/28/20,29.5,24.4,38.9,0,0,5.8,1013.2
7/29/20,28.8,23.9,38.9,0,0,8.3,1013.4
7/30/20,30.5,25,38.3,0,0,11.2,1013.4
7/31/20,28.3,23.3,38.9,11.9,0,6.5,1013.4
8/1/20,29.4,23.3,37.2,0,0,3.6,1013.3
8/2/20,29.4,23.3,38.3,0,0,4,1013.8
8/3/20,28.9,22.8,39.4,0,0,2.5,1014.9
8/4/20,30.7,23.9,38.9,0,0,3.6,1014.7
8/5/20,31.6,24.4,39.4,0,0,10.1,1013.3
8/6/20,31.5,25,39.4,0,0,10.4,1013.7
8/7/20,31.2,25,39.4,0,0,8.3,1015.2
8/8/20,31.4,25,40,0,0,8.3,1016.8
8/9/20,31.9,25.6,39.4,0,0,10.4,1016.6
8/10/20,31.9,26.1,39.4,0,0,10.4,1015.1
8/11/20,32.2,26.1,40,0,0,9,1013.2
8/12/20,32.6,26.1,41.1,0,0,9.4,1012.6
8/13/20,32.5,26.1,40,0,0,8.3,1012.6
8/14/20,33.2,25.6,41.7,0,0,9.7,1011.3
8/15/20,33.3,26.1,41.7,0,0,8.3,1011.7
8/16/20,33.2,26.1,41.1,0,0,5,1014.3
8/17/20,30.5,24.4,38.3,0,0,4,1017.1
8/18/20,32.1,23.9,40,0,0,4.7,1014.5
8/19/20,31.3,22.8,40,0,0,5.4,1011.9
8/20/20,29.9,21.7,38.3,0,0,3.2,1010
8/21/20,31.4,25,40,0,0,7.2,1009.1
8/22/20,27.3,20,33.9,31.8,0,5.4,1011.5
8/23/20,28.5,21.1,36.1,0,0,4.7,1013.5
8/24/20,30.5,23.9,37.8,0,0,4,1014
8/25/20,31,23.9,38.3,0,0,4,1012.2
8/26/20,30.4,26.1,36.1,0,0,5.8,1009.5
8/27/20,31,24.4,38.3,0,0,5,1008.1
8/28/20,33.1,27.2,41.1,0,0,9.4,1008.7
8/29/20,32.6,26.1,40.6,0,0,9.7,1009.2
8/30/20,32,26.1,39.4,0,0,8.3,1007.4
8/31/20,32.5,28.3,40,0,0,11.9,1007
9/1/20,32,28.3,37.8,0,0,11.5,1007.8
9/2/20,27.2,22.8,29.4,4.1,0,7.2,1010.4
9/3/20,26.5,22.2,34.4,36.3,0,5,1012.6
9/4/20,24.1,22.2,28.3,37.6,0,1.8,1017.7
9/5/20,26.4,23.3,33.3,0,0,2.9,1021.7
9/6/20,28.2,22.8,34.4,0,0,2.5,1018.8
9/7/20,29,22.8,36.1,0,0,6.1,1011.4
9/8/20,26.9,25,32.8,0,0,9.7,1008.9
9/9/20,24.1,15.6,27.2,58.2,0,7.6,1013.1
9/10/20,16.6,14.4,19.4,1.5,0,8.6,1021.9
9/11/20,22.2,17.2,30.6,0,0,6.1,1019.7
9/12/20,26.7,20,33.9,0,0,3.2,1013.9
9/13/20,28.7,23.9,34.4,0,0,9,1013.8
9/14/20,28.3,23.3,33.3,0,0,11.5,1016.6
9/15/20,28,23.3,33.9,0,0,7.2,1016.2
9/16/20,28.7,23.3,34.4,0,0,5,1013.6
9/17/20,27.3,23.3,32.2,0,0,6.5,1014.2
9/18/20,26.4,21.7,31.7,0,0,8.6,1016.2
9/19/20,24.5,20.6,29.4,0,0,10.8,1017.4
9/20/20,23,17.8,30,4.1,0,11.2,1017.5
9/21/20,21.3,20,22.8,4.6,0,13,1015.5
9/22/20,21.8,20.6,23.9,5.1,0,11.9,1013.7
9/23/20,22.7,21.1,25,0,0,7.9,1012.9
9/24/20,23,18.3,27.8,0,0,4,1013.4
9/25/20,23.2,16.1,31.7,0,0,3.2,1014.2
9/26/20,25.4,20,32.8,0,0,7.6,1011.9
9/27/20,28.1,24.4,33.9,0,0,10.8,1007
9/28/20,23.6,17.8,27.2,0,0,13.7,1015.8
9/29/20,20.6,13.3,29.4,0,0,4.3,1021.5
9/30/20,21.7,11.7,32.2,0,0,2.5,1018.4
10/1/20,23.1,13.3,32.8,0,0,5.4,1019.7
10/2/20,22.3,15,29.4,0,0,4.3,1021.5
10/3/20,22.3,15,30.6,0,0,4.7,1017.7
10/4/20,24,16.1,32.8,0,0,5,1019.8
10/5/20,23.6,17.8,30.6,0,0,4.3,1019.3
10/6/20,24.4,17.8,31.1,0,0,2.5,1016.7
10/7/20,24.9,17.2,33.3,0,0,2.5,1016.1
10/8/20,24.2,16.1,31.1,0,0,3.2,1014.8
10/9/20,26.2,22.2,32.2,0,0,6.1,1010.2
10/10/20,26.3,18.9,35.6,0,0,3.2,1009.5
10/11/20,27.9,20,37.2,0,0,6.1,1009.1
10/12/20,26.1,18.3,31.7,0,0,8.3,1014
10/13/20,23,13.9,32.8,0,0,1.8,1018.8
10/14/20,24.8,15.6,33.9,0,0,6.1,1014.1
10/15/20,25.6,19.4,32.8,0,0,10.8,1011.3
10/16/20,20.3,13.9,25,0,0,9.4,1022.8
10/17/20,19.8,16.1,27.2,0.3,0,7.9,1018.6
10/18/20,26.6,22.8,33.9,0,0,10.4,1013.6
10/19/20,27.6,22.8,33.9,0,0,7.9,1014.4
10/20/20,27.7,23.9,33.9,0,0,10.8,1013.8
10/21/20,26.6,23.3,32.8,0,0,7.9,1015.2
10/22/20,26.7,22.8,32.8,0,0,10.4,1013
10/23/20,21.6,12.8,29.4,0,0,8.6,1015.8
10/24/20,14.8,11.7,19.4,0,0,6.5,1019.3
10/25/20,20.7,12.8,30,0,0,7.2,1012.2
10/26/20,16.7,5.6,23.9,3,0,10.4,1014.6
10/27/20,5.2,4.4,6.1,1,0,11.2,1018.8
10/28/20,8.3,3.9,16.7,4.6,0,9.4,1014.9
10/29/20,11.5,4.4,17.8,0,0,9.4,1019.1
10/30/20,14.2,7.2,22.8,0,0,3.2,1024.9
10/31/20,14.5,5,26.1,0,0,2.9,1022.2
11/1/20,17.4,10,26.1,0,0,7.2,1027.7
11/2/20,16.2,8.3,25.6,0,0,2.5,1030.8
11/3/20,16.4,6.1,27.2,0,0,4,1026
11/4/20,18.3,8.9,27.8,0,0,4.3,1023.4
11/5/20,20.1,13.9,28.3,0,0,4,1021.5
11/6/20,21.1,17.2,27.8,0,0,4,1018.9
11/7/20,19.9,12.2,27.8,0,0,3.6,1016.3
11/8/20,21.4,15,28.9,0,0,6.1,1013.8
11/9/20,23.3,18.9,30,0,0,10.1,1012.5
11/10/20,21.8,17.8,27.2,0,0,6.1,1011.4
11/11/20,21.1,15,28.9,0,0,5.8,1014
11/12/20,22,17.2,29.4,0,0,3.2,1015.2
11/13/20,22.9,18.3,28.9,0,0,5.4,1017.2
11/14/20,24.8,21.7,30.6,0,0,7.6,1011.7
11/15/20,18.6,11.1,23.3,0,0,10.1,1021.7
11/16/20,14.2,6.1,24.4,0,0,0.7,1026.6
11/17/20,15,5,25.6,0,0,3.2,1029.8
11/18/20,16.6,6.1,27.2,0,0,5.4,1027.8
11/19/20,20.4,15,28.3,0,0,6.1,1024.1
11/20/20,21.5,17.2,28.9,0,0,5.4,1024.1
11/21/20,22.2,18.3,27.2,0,0,5.4,1023.5
11/22/20,21,13.9,28.3,0,0,7.9,1022.4
11/23/20,14.3,11.1,20,0,0,7.2,1023.1
11/24/20,21.3,15,28.9,1,0,9.7,1012.1
11/25/20,18,10,23.3,0,0,6.8,1017.2
11/26/20,16.4,7.2,25.6,0,0,2.9,1015.9
11/27/20,18.6,15.6,21.7,0.5,0,7.9,1016
11/28/20,14,10.6,16.1,16.5,0,7.9,1018.3
11/29/20,10.2,7.8,13.9,0.5,0,12.6,1021.4
11/30/20,7.7,0.6,14.4,0,0,8.3,1029.6
12/1/20,8.2,-1,17.8,0,0,5.8,1021.6
12/2/20,11.8,6.7,18.9,0,0,7.2,1019.1
12/3/20,8.3,4.4,15,0,0,10.1,1024.8
12/4/20,7.8,2.2,15.6,0,0,5,1025.5
12/5/20,7.4,2.2,12.2,0.3,0,0.7,1024.6
12/6/20,11.6,5.6,20,0,0,9,1020.7
12/7/20,12.2,5,22.2,0,0,5.4,1023.7
12/8/20,13.9,6.1,26.1,0,0,5,1024
12/9/20,16.2,7.8,27.8,0,0,3.6,1020.7
12/10/20,16.6,6.7,25.6,0,0,6.5,1015.4
12/11/20,18,13.9,21.7,1.5,0,2.5,1011.6
12/12/20,12.8,8.9,17.8,0,0,6.1,1016.6
12/13/20,12,5.6,20.6,0,0,10.8,1016.9
12/14/20,5.8,2.2,11.1,0,0,7.6,1025.1
12/15/20,8.4,4.4,15,0,0,4.3,1015.8
12/16/20,7.4,2.2,14.4,0,0,6.1,1021.6
12/17/20,8,-1,18.9,0,0,3.2,1025.5
12/18/20,11.6,3.3,17.8,0,0,5.8,1022.1
12/19/20,15.2,6.7,20.6,19.6,0,2.9,1018.8
12/20/20,11.3,5.6,20.6,0,0,3.2,1020.3
12/21/20,12.7,4.4,23.9,0,0,2.2,1021.3
12/22/20,15.1,6.1,23.9,0,0,7.2,1020.1
12/23/20,19.1,8.3,27.8,0,0,11.2,1013.6
12/24/20,7.5,1.1,13.9,0,0,11.5,1027.7
12/25/20,11.4,5,21.7,0,0,5.8,1025.4
12/26/20,12.3,1.7,21.7,0,0,5.8,1020.2
12/27/20,16,8.3,25,0,0,5.4,1016
12/28/20,18.4,13.3,23.9,0,0,7.6,1019.9
12/29/20,19.6,17.2,25,0,0,16.2,1015.9
12/30/20,15.5,6.7,23.9,36.8,0,13.7,1011.7
12/31/20,4.7,2.8,6.7,45.2,0,11.9,1008.9
1/1/21,6.3,2.8,11.7,0,0,9.4,1016.7
1/2/21,8.7,2.8,17.8,0,0,4,1022.8
1/3/21,11.8,2.8,22.2,0,0,5.8,1018.5
1/4/21,14.4,3.9,25.6,0,0,4,1018.1
1/5/21,14.9,6.7,22.8,0,0,7.2,1019.1
1/6/21,16.3,9.4,21.7,0.8,0,9,1014.5
1/7/21,10.9,5.6,17.2,0,0,9.4,1020.4
1/8/21,6.9,2.8,12.2,0,0,6.1,1026.8
1/9/21,6.4,0,12.2,0.3,0,3.2,1026.9
1/10/21,3.4,1.1,7.2,27.2,0,8.6,1026.3
1/11/21,4.2,0,10,0,30,7.2,1030.9
1/12/21,4.3,-0.5,11.7,0,0,1.8,1029.9
1/13/21,8.5,0,19.4,0,0,4.7,1022.1
1/14/21,11.6,3.3,20.6,0,0,7.9,1014.7
1/15/21,9.5,3.9,15.6,0,0,10.1,1021.2
1/16/21,9.5,2.8,18.3,0,0,5,1020.5
1/17/21,11.4,3.9,20.6,0,0,3.2,1019.8
1/18/21,14.1,2.8,23.9,0,0,7.6,1016.1
1/19/21,15.2,10,20.6,8.9,0,10.1,1022.4
1/20/21,10.3,8.9,12.8,1.5,0,5,1026
1/21/21,14.2,10,18.9,0,0,1.8,1016.5
1/22/21,16.3,11.1,25.6,0.3,0,6.1,1014.2
1/23/21,13.6,10,16.1,0.3,0,5,1016.6
1/24/21,17.9,15.6,21.7,0.8,0,7.2,1010.9
1/25/21,19.6,9.4,24.4,1.5,0,7.6,1006.6
1/26/21,14.7,7.8,22.8,0,0,7.2,1011.1
1/27/21,12.2,7.2,18.3,0,0,10.8,1024.8
1/28/21,7.6,3.3,13.3,0,0,5.4,1033.3
1/29/21,11.6,2.2,20.6,0,0,6.8,1024.1
1/30/21,18.8,11.7,26.7,0,0,7.9,1011.6
1/31/21,14.8,9.4,20.6,0,0,11.2,1022.2
2/1/21,11.5,5,19.4,0,0,6.1,1029.3
2/2/21,11.9,4.4,20.6,0,0,4,1023.5
2/3/21,15.5,7.2,25,0,0,8.6,1015.9
2/4/21,19.8,12.8,29.4,0,0,14.8,1009.6
2/5/21,11.2,6.7,16.1,1.5,0,9.4,1013.6
2/6/21,14.4,8.9,23.9,0,0,7.9,1011.9
2/7/21,12.7,4.4,21.1,0,0,8.6,1015.9
2/8/21,16,10.6,24.4,0,0,5.8,1013.8
2/9/21,13.9,7.8,17.8,0,0,6.5,1017.8
2/10/21,5,2.8,7.8,1,0,11.5,1018.9
2/11/21,0.6,-0.5,2.8,11.4,0,13.7,1021.1
2/12/21,-0.8,-1.6,0.6,0,0,9,1023.1
2/13/21,-1.8,-3.2,-0.5,0,0,12.6,1023.2
2/14/21,-4.5,-10.5,-1,5.1,0,15.1,1023.3
2/15/21,-9.2,-13.2,-3.8,13.2,150,13.7,1028.2
2/16/21,-7.8,-13.8,-3.2,0.5,130,4.7,1024
2/17/21,-2,-4.3,0,13.7,100,4.7,1017.7
2/18/21,-2,-4.3,0.6,0.3,100,7.9,1028.2
2/19/21,-0.7,-6,6.1,0,50,4,1033.9
2/20/21,6.4,-3.2,16.7,0,50,8.3,1026.3
2/21/21,14.9,6.7,24.4,0,0,6.8,1018.5
2/22/21,15.1,5.6,24.4,0,0,3.2,1023
2/23/21,17.7,8.3,26.1,0,0,8.3,1017.8
2/24/21,22.1,17.8,30,0,0,8.3,1015.1
2/25/21,13.6,10.6,18.9,1,0,9,1018.5
2/26/21,11.8,8.3,15.6,0.5,0,2.9,1014.9
2/27/21,19.3,14.4,26.1,0.3,0,6.8,1011.2
2/28/21,21.5,14.4,23.3,0,0,9.4,1010.5
3/1/21,11.5,8.9,14.4,3.6,0,15.5,1021.2
3/2/21,12.7,7.2,19.4,0,0,6.5,1024
3/3/21,13.4,3.3,22.8,0,0,5.8,1021
3/4/21,16.5,7.2,25,0,0,9.4,1018.1
3/5/21,18.6,13.9,26.7,0,0,11.9,1015
3/6/21,15.1,9.4,20.6,0,0,10.4,1024.2
3/7/21,14.2,5,21.7,0,0,6.1,1027.3
3/8/21,15.6,7.2,23.3,0,0,6.8,1028.5
3/9/21,18.8,13.9,25,0,0,14,1022.8
3/10/21,21.7,17.8,28.3,0,0,16.9,1016.8
3/11/21,22.8,20.6,27.8,0,0,14.8,1017.5
3/12/21,23.3,20.6,27.2,0,0,15.1,1019.6
3/13/21,21.4,20,25,3.3,0,18.7,1016.4
3/14/21,17.5,11.7,25.6,0.3,0,8.3,1013
3/15/21,19.3,8.3,30.6,0,0,7.2,1012.1
3/16/21,22.4,19.4,28.3,0,0,11.2,1007.9
3/17/21,20.4,12.2,25,0.3,0,16.9,1008.8
3/18/21,14.8,8.3,22.8,0,0,14.4,1022.3
3/19/21,14.2,7.8,21.7,0,0,10.4,1026.1
3/20/21,14.3,6.1,22.8,0,0,4.3,1025.7
3/21/21,16.1,10,24.4,0,0,11.2,1020.4
3/22/21,17.2,13.9,22.8,6.9,0,13,1010.1
3/23/21,19.5,12.2,27.8,1,0,5,1007.5
3/24/21,18,12.2,22.2,0,0,8.3,1005.8
3/25/21,18,12.8,23.9,12.4,0,7.9,1009.2
3/26/21,19.2,8.9,28.9,0,0,7.2,1012.5
3/27/21,23.9,18.9,30.6,0,0,7.9,1010.1
3/28/21,19.7,12.2,24.4,0,0,14,1021.9
3/29/21,16.6,7.2,25.6,0,0,7.6,1020.4
3/30/21,21,15.6,26.7,0,0,8.6,1012.1
3/31/21,19.3,13.3,22.8,0.5,0,13.3,1020.6
4/1/21,15.1,6.1,22.2,0,0,5.4,1031.3
4/2/21,15.4,6.7,22.8,0,0,7.9,1027.5
4/3/21,14.7,11.1,18.9,8.9,0,7.9,1025.3
4/4/21,17.8,13.3,23.9,0,0,5.8,1023.4
4/5/21,20.1,15,28.3,0,0,9.4,1016.9
4/6/21,23.5,19.4,30.6,0,0,13,1010.3
4/7/21,24.6,16.7,31.7,0,0,7.9,1008.9
4/8/21,23,11.7,33.3,0,0,6.5,1008.5
4/9/21,25.7,20.6,33.3,0,0,10.1,1002.6
4/10/21,21.6,15,27.8,0,0,10.4,1009.1
4/11/21,21.4,8.9,32.2,0,0,6.5,1007
4/12/21,24.3,18.9,32.2,0,0,10.8,1007.5
4/13/21,25,21.7,28.9,0,0,7.6,1012.1
4/14/21,24.2,21.1,28.9,0,0,6.1,1013.1
4/15/21,18.8,16.1,22.8,1.8,0,6.5,1013.1
4/16/21,18,15.6,20.6,1,0,6.8,1009.5
4/17/21,14.7,11.7,18.9,0,0,14.4,1017.6
4/18/21,15,10.6,21.1,0,0,7.6,1020.1
4/19/21,17.6,9.4,25,0,0,3.2,1017.7
4/20/21,18.9,10.6,29.4,0,0,8.6,1016.9
4/21/21,12.6,6.7,20,0,0,10.8,1024.4
4/22/21,15.3,11.1,19.4,0.3,0,8.3,1018.1
4/23/21,19.7,16.7,22.2,21.1,0,7.2,1008.4
4/24/21,22.5,16.1,28.9,0,0,9,1010.8
4/25/21,22.7,13.3,31.7,0,0,8.6,1014.6
4/26/21,23.7,20,30.6,0,0,14,1011.3
4/27/21,23.5,20.6,26.7,0,0,13.3,1009.1
4/28/21,25.9,23.3,29.4,1.3,0,15.8,1006.5
4/29/21,22.2,20,23.9,18,0,7.9,1010.7
4/30/21,20.6,18.9,23.9,34.8,0,8.3,1017.1
5/1/21,20.3,18.3,24.4,36.6,0,7.9,1012.6
5/2/21,23.8,16.1,31.7,0,0,7.9,1003.2
5/3/21,27.1,22.8,34.4,0,0,10.4,1000.4
5/4/21,24.9,19.4,28.9,0,0,11.5,1010.2
5/5/21,21.2,14.4,27.8,0,0,6.8,1018.7
5/6/21,22.8,14.4,31.7,0,0,4.7,1020.7
5/7/21,23.7,15.6,30.6,0,0,7.9,1019.1
5/8/21,25.4,20,32.8,0,0,12.2,1011.8
5/9/21,27.3,23.3,32.2,0.3,0,7.2,1008.3
5/10/21,23.4,17.2,26.7,0,0,9.4,1011.5
5/11/21,18.8,16.7,24.4,6.6,0,6.8,1014.2
5/12/21,18.4,15.6,23.9,0,0,13.3,1021.4
5/13/21,19.3,15.6,23.9,0,0,5.4,1024.4
5/14/21,22.2,14.4,29.4,0,0,6.5,1021
5/15/21,22.8,19.4,26.7,0,0,10.8,1017.3
5/16/21,23,21.1,27.8,27.7,0,10.8,1013.9
5/17/21,23,18.9,27.8,9.9,0,8.3,1010.7
5/18/21,21.9,18.9,26.1,13.5,0,8.3,1009
5/19/21,20,17.8,22.8,0,0,3.6,1010.5
5/20/21,23.5,17.2,30,0,0,4,1012.4
5/21/21,24.9,20.6,30.6,0,0,7.9,1015.8
5/22/21,23.8,22.2,27.2,16.5,0,12.2,1017.5
5/23/21,22.3,21.1,23.3,4.3,0,9.7,1019.2
5/24/21,23.6,21.1,31.1,3,0,6.5,1016.5
5/25/21,26.3,22.2,32.8,0.3,0,10.4,1015.7
5/26/21,26.8,20,32.8,3,0,6.8,1017.6
5/27/21,27.3,23.9,32.2,0,0,10.4,1014.7
5/28/21,25.6,18.9,31.1,33.8,0,11.2,1013.5
5/29/21,24.4,18.9,31.1,0,0,4,1013.8
5/30/21,24.4,20.6,31.1,12.2,0,6.1,1016.4
5/31/21,24.8,20.6,30,16,0,10.4,1017
6/1/21,23.9,20,30.6,15.2,0,5,1016.7
6/2/21,24.9,17.8,31.7,21.3,0,4.7,1014.7
6/3/21,19.6,17.8,22.8,24.4,0,2.9,1014.8
6/4/21,23,20,29.4,4.3,0,1.8,1014.5
6/5/21,23.6,20.6,28.3,1,0,1.8,1011.7
6/6/21,25.8,20.6,32.8,0,0,7.9,1008.3
6/7/21,27.8,25.6,32.8,0,0,8.3,1008.5
6/8/21,28.5,25.6,33.9,1,0,8.6,1011.7
6/9/21,29,25,35,0,0,8.3,1013.9
6/10/21,28.9,25,34.4,0,0,10.1,1012.7
6/11/21,28.8,25.6,33.9,0,0,9.7,1010.8
6/12/21,29,24.4,35,0,0,5.8,1012.3
6/13/21,30.2,23.9,37.2,0,0,2.5,1013.3
6/14/21,30.6,24.4,37.8,0,0,3.6,1013.2
6/15/21,30.5,23.9,37.2,0,0,4.3,1014.3
6/16/21,29.5,22.8,36.1,0,0,4,1015.1
6/17/21,30.2,23.3,36.1,0,0,3.6,1014.3
6/18/21,29.6,24.4,34.4,0,0,4.3,1012.2
6/19/21,28.5,21.1,35.6,0,0,4.3,1010.7
6/20/21,29.1,24.4,35,0,0,10.1,1008.7
6/21/21,30.4,27.2,35.6,0,0,9.4,1008.5
6/22/21,27.1,22.8,31.7,0.3,0,8.3,1013.9
6/23/21,30,26.1,36.7,0.3,0,7.9,1013.2
6/24/21,30.4,25.6,36.7,0,0,10.1,1013.8
6/25/21,29.8,25.6,36.1,0,0,11.5,1012.2
6/26/21,29.9,25.6,36.7,0,0,11.9,1010.4
6/27/21,27.6,24.4,33.3,3,0,5.4,1011.9
6/28/21,25.9,23.3,32.8,0,0,6.5,1012.9
6/29/21,25.3,23.3,31.1,19.8,0,6.5,1016.3
6/30/21,27.6,23.9,33.9,0.5,0,3.6,1017
7/1/21,28.8,23.3,35.6,0.5,0,4,1014.5
7/2/21,29.5,24.4,36.1,0,0,2.9,1013
7/3/21,28.3,24.4,33.9,0,0,6.1,1013.4
7/4/21,25.9,23.9,30,33,0,3.6,1012.9
7/5/21,25.7,23.9,29.4,27.9,0,2.9,1013.5
7/6/21,26.1,23.9,32.2,13.2,0,6.8,1013.7
7/7/21,26,22.8,31.1,0,0,5,1012.6
7/8/21,26.4,23.3,31.7,5.1,0,6.8,1012.6
7/9/21,25,23.9,27.2,5.8,0,10.1,1015
7/10/21,27.5,23.9,34.4,13.2,0,6.5,1015.4
7/11/21,28.3,25,32.8,0,0,5,1014.9
7/12/21,27.3,23.9,31.1,0,0,6.8,1016.7
7/13/21,25.4,22.2,32.8,0.8,0,4,1020.1
7/14/21,26.2,22.2,33.9,0.8,0,6.1,1020.2
7/15/21,28.3,24.4,33.9,0,0,7.9,1017
7/16/21,28.6,24.4,34.4,0,0,10.1,1014.7
7/17/21,29.2,25,34.4,0,0,8.6,1016.1
7/18/21,29.1,23.3,35,0,0,4.7,1017.6
7/19/21,27.6,23.9,36.1,1.5,0,4.7,1016.3
7/20/21,27.2,22.8,33.3,0,0,4.7,1014.4
7/21/21,27.5,22.8,33.9,0.8,0,4.3,1015.6
7/22/21,26.3,21.7,34.4,0,0,5,1018.8
7/23/21,28.6,23.3,35,0.3,0,9,1018.3
7/24/21,30,25,36.7,0,0,9.4,1016
7/25/21,29.8,23.9,37.8,0,0,6.5,1014.3
7/26/21,30,23.3,37.2,0,0,4,1013.4
7/27/21,30.1,23.9,36.7,0,0,2.9,1014.3
7/28/21,30.5,25.6,36.1,0,0,4,1015.2
7/29/21,29.1,24.4,36.7,0,0,1.4,1015.9
7/30/21,29.9,23.9,36.1,0,0,5.4,1016.5
7/31/21,29.9,25,36.7,0,0,4.3,1015.9
8/1/21,29.8,25.6,38.3,0,0,4.7,1015.1
8/2/21,24.8,23.3,30,20.6,0,3.2,1015.8
8/3/21,27.8,23.9,33.9,0,0,5,1014.3
8/4/21,28.2,23.3,33.3,0,0,5.8,1014.8
8/5/21,26.7,25,30,0.8,0,5.4,1016.9
8/6/21,27.7,23.9,33.3,2.5,0,5.4,1016.1
8/7/21,29.3,24.4,35.6,0,0,9,1014.3
8/8/21,30,25.6,36.7,0,0,10.8,1013.3
8/9/21,30.1,26.1,37.2,0,0,10.8,1014.3
8/10/21,30.1,25,37.2,0,0,10.4,1016.3
8/11/21,29.9,25,37.2,0,0,9,1016.2
8/12/21,30.3,25,37.2,0,0,7.6,1016.2
8/13/21,29.9,24.4,37.2,0,0,5,1017.6
8/14/21,29.9,24.4,37.2,0,0,4,1018.2
8/15/21,26.1,22.2,34.4,61,0,1.8,1016
8/16/21,27.5,21.7,34.4,0,0,3.2,1012.5
8/17/21,28.5,23.9,33.9,0,0,5.4,1011.5
8/18/21,29,26.7,35,0,0,9.7,1013
8/19/21,30.5,26.7,36.1,0,0,10.4,1013.6
8/20/21,29.6,25.6,35,0,0,10.1,1012.1
8/21/21,30,25.6,36.7,0,0,7.9,1012.6
8/22/21,29.6,23.9,36.7,0,0,4.7,1014.9
8/23/21,29.6,23.3,36.1,0,0,6.1,1014.8
8/24/21,30.3,24.4,36.7,0,0,5.4,1014.3
8/25/21,30.5,24.4,36.7,0,0,5,1015.2
8/26/21,30.3,25,37.8,0,0,2.9,1014.2
8/27/21,27.5,24.4,32.2,1.5,0,4.7,1012.9
8/28/21,28,23.9,34.4,5.1,0,3.2,1013.1
8/29/21,28.5,24.4,35.6,0,0,3.2,1012.3
8/30/21,29.3,23.9,35.6,0,0,1.8,1009.4
8/31/21,30.8,23.9,37.8,0,0,3.2,1007.3
9/1/21,30.8,25.6,37.8,0,0,6.8,1008.4
9/2/21,30.5,26.1,37.2,0,0,6.5,1011.2
9/3/21,30.4,25.6,37.2,0,0,5.8,1012.7
9/4/21,30.5,25,37.8,0,0,7.9,1012.6
9/5/21,30.9,23.9,38.9,0,0,4.3,1012.3
9/6/21,28.7,23.3,37.8,2.5,0,3.6,1013.3
9/7/21,28.4,22.2,36.1,0,0,2.5,1012.4